url,keyword
about.html,about
auto_homepage.html,auto homepage
contact.html,contact
custom_homepage_template.html,custom homepage template
googleaf4d2d986493bb7e.html,googleaf4d2d986493bb7e
index.html,index
index_template.html,index template
link_list.html,link list
page.html,page
privacy.html,privacy
bedroom/20250816_180221_01.html,20250816 180221 01
bedroom/20250816_180907_01.html,20250816 180907 01
bedroom/20250816_180907_02.html,20250816 180907 02
bedroom/20250816_180907_03.html,20250816 180907 03
bedroom/20250816_180907_04.html,20250816 180907 04
bedroom/20250816_180907_05.html,20250816 180907 05
bedroom/20250816_180907_06.html,20250816 180907 06
bedroom/20250816_180907_07.html,20250816 180907 07
bedroom/20250816_180907_08.html,20250816 180907 08
bedroom/20250816_180907_09.html,20250816 180907 09
bedroom/20250816_180907_10.html,20250816 180907 10
bedroom/20250816_180907_11.html,20250816 180907 11
bedroom/20250816_180907_12.html,20250816 180907 12
bedroom/20250816_180907_13.html,20250816 180907 13
bedroom/20250816_180907_14.html,20250816 180907 14
bedroom/20250816_180907_15.html,20250816 180907 15
bedroom/20250816_180907_16.html,20250816 180907 16
bedroom/20250816_180907_17.html,20250816 180907 17
bedroom/20250816_180907_18.html,20250816 180907 18
bedroom/20250816_180907_19.html,20250816 180907 19
bedroom/20250816_180907_20.html,20250816 180907 20
bedroom/20250817_090111_01.html,20250817 090111 01
bedroom/20250817_090154_01.html,20250817 090154 01
bedroom/20250817_235557_01.html,20250817 235557 01
bedroom/20250906_084502_01.html,20250906 084502 01
bedroom/20250906_084820_01.html,20250906 084820 01
bedroom/20250906_211459_01.html,20250906 211459 01
bedroom/20250906_215332_01.html,20250906 215332 01
bedroom/20250906_215850_01.html,20250906 215850 01
bedroom/20250906_222147_01.html,20250906 222147 01
bedroom/20250906_224015_01.html,20250906 224015 01
bedroom/20250906_235515_01.html,20250906 235515 01
bedroom/20250907_005948_01.html,20250907 005948 01
bedroom/20250910_231919_01.html,20250910 231919 01
bedroom/20250911_090500_01.html,20250911 090500 01
bedroom/20250911_105231_01.html,20250911 105231 01
bedroom/page1.html,page1
bedroom/page2.html,page2
dark/20250816_180227_01.html,20250816 180227 01
dark/20250816_181102_01.html,20250816 181102 01
dark/20250816_181102_02.html,20250816 181102 02
dark/20250816_181102_03.html,20250816 181102 03
dark/20250816_181102_04.html,20250816 181102 04
dark/20250816_181102_05.html,20250816 181102 05
dark/20250816_181102_06.html,20250816 181102 06
dark/20250816_181102_07.html,20250816 181102 07
dark/20250816_181102_08.html,20250816 181102 08
dark/20250816_181102_09.html,20250816 181102 09
dark/20250816_181102_10.html,20250816 181102 10
dark/20250816_181102_11.html,20250816 181102 11
dark/20250816_181102_12.html,20250816 181102 12
dark/20250816_181102_13.html,20250816 181102 13
dark/20250816_181102_14.html,20250816 181102 14
dark/20250816_181102_15.html,20250816 181102 15
dark/20250816_181102_16.html,20250816 181102 16
dark/20250816_181102_17.html,20250816 181102 17
dark/20250816_181102_18.html,20250816 181102 18
dark/20250816_181102_19.html,20250816 181102 19
dark/20250816_181102_20.html,20250816 181102 20
dark/20250817_090117_01.html,20250817 090117 01
dark/20250817_090204_01.html,20250817 090204 01
dark/20250817_235602_01.html,20250817 235602 01
dark/20250906_084516_01.html,20250906 084516 01
dark/20250906_084826_01.html,20250906 084826 01
dark/20250906_211504_01.html,20250906 211504 01
dark/20250906_215338_01.html,20250906 215338 01
dark/20250906_215855_01.html,20250906 215855 01
dark/20250906_222153_01.html,20250906 222153 01
dark/20250906_224020_01.html,20250906 224020 01
dark/20250906_235522_01.html,20250906 235522 01
dark/20250907_005955_01.html,20250907 005955 01
dark/20250910_231924_01.html,20250910 231924 01
dark/20250911_090506_01.html,20250911 090506 01
dark/20250911_105237_01.html,20250911 105237 01
dark/page1.html,page1
dark/page2.html,page2
fitness/20250816_180233_01.html,20250816 180233 01
fitness/20250816_181301_01.html,20250816 181301 01
fitness/20250816_181301_02.html,20250816 181301 02
fitness/20250816_181301_03.html,20250816 181301 03
fitness/20250816_181301_04.html,20250816 181301 04
fitness/20250816_181301_05.html,20250816 181301 05
fitness/20250816_181301_06.html,20250816 181301 06
fitness/20250816_181301_07.html,20250816 181301 07
fitness/20250816_181301_08.html,20250816 181301 08
fitness/20250816_181301_09.html,20250816 181301 09
fitness/20250816_181301_10.html,20250816 181301 10
fitness/20250816_181301_11.html,20250816 181301 11
fitness/20250816_181301_12.html,20250816 181301 12
fitness/20250816_181301_13.html,20250816 181301 13
fitness/20250816_181301_14.html,20250816 181301 14
fitness/20250816_181301_15.html,20250816 181301 15
fitness/20250816_181301_16.html,20250816 181301 16
fitness/20250816_181301_17.html,20250816 181301 17
fitness/20250816_181301_18.html,20250816 181301 18
fitness/20250816_181301_19.html,20250816 181301 19
fitness/20250816_181301_20.html,20250816 181301 20
fitness/20250817_090123_01.html,20250817 090123 01
fitness/20250817_090216_01.html,20250817 090216 01
fitness/20250817_235608_01.html,20250817 235608 01
fitness/20250906_084522_01.html,20250906 084522 01
fitness/20250906_084831_01.html,20250906 084831 01
fitness/20250906_211510_01.html,20250906 211510 01
fitness/20250906_215344_01.html,20250906 215344 01
fitness/20250906_215901_01.html,20250906 215901 01
fitness/20250906_222158_01.html,20250906 222158 01
fitness/20250906_224026_01.html,20250906 224026 01
fitness/20250906_235528_01.html,20250906 235528 01
fitness/20250907_010001_01.html,20250907 010001 01
fitness/20250910_231930_01.html,20250910 231930 01
fitness/20250911_090511_01.html,20250911 090511 01
fitness/20250911_105242_01.html,20250911 105242 01
fitness/page1.html,page1
fitness/page2.html,page2
luxury/20250816_180239_01.html,20250816 180239 01
luxury/20250816_181500_01.html,20250816 181500 01
luxury/20250816_181500_02.html,20250816 181500 02
luxury/20250816_181500_03.html,20250816 181500 03
luxury/20250816_181500_04.html,20250816 181500 04
luxury/20250816_181500_05.html,20250816 181500 05
luxury/20250816_181500_06.html,20250816 181500 06
luxury/20250816_181500_07.html,20250816 181500 07
luxury/20250816_181500_08.html,20250816 181500 08
luxury/20250816_181500_09.html,20250816 181500 09
luxury/20250816_181500_10.html,20250816 181500 10
luxury/20250816_181500_11.html,20250816 181500 11
luxury/20250816_181500_12.html,20250816 181500 12
luxury/20250816_181500_13.html,20250816 181500 13
luxury/20250816_181500_14.html,20250816 181500 14
luxury/20250816_181500_15.html,20250816 181500 15
luxury/20250816_181500_16.html,20250816 181500 16
luxury/20250816_181500_17.html,20250816 181500 17
luxury/20250816_181500_18.html,20250816 181500 18
luxury/20250816_181500_19.html,20250816 181500 19
luxury/20250816_181500_20.html,20250816 181500 20
luxury/20250817_090129_01.html,20250817 090129 01
luxury/20250817_090227_01.html,20250817 090227 01
luxury/20250817_235613_01.html,20250817 235613 01
luxury/20250906_084528_01.html,20250906 084528 01
luxury/20250906_084837_01.html,20250906 084837 01
luxury/20250906_211516_01.html,20250906 211516 01
luxury/20250906_215350_01.html,20250906 215350 01
luxury/20250906_215906_01.html,20250906 215906 01
luxury/20250906_222204_01.html,20250906 222204 01
luxury/20250906_224032_01.html,20250906 224032 01
luxury/20250906_235534_01.html,20250906 235534 01
luxury/20250907_010007_01.html,20250907 010007 01
luxury/20250910_231935_01.html,20250910 231935 01
luxury/20250911_090517_01.html,20250911 090517 01
luxury/20250911_105248_01.html,20250911 105248 01
luxury/page1.html,page1
luxury/page2.html,page2
mirror/20250816_180245_01.html,20250816 180245 01
mirror/20250816_181656_01.html,20250816 181656 01
mirror/20250816_181656_02.html,20250816 181656 02
mirror/20250816_181656_03.html,20250816 181656 03
mirror/20250816_181656_04.html,20250816 181656 04
mirror/20250816_181656_05.html,20250816 181656 05
mirror/20250817_090135_01.html,20250817 090135 01
mirror/20250817_090233_01.html,20250817 090233 01
mirror/20250817_235618_01.html,20250817 235618 01
mirror/20250906_084533_01.html,20250906 084533 01
mirror/20250906_084842_01.html,20250906 084842 01
mirror/20250906_211521_01.html,20250906 211521 01
mirror/20250906_215355_01.html,20250906 215355 01
mirror/20250906_215912_01.html,20250906 215912 01
mirror/20250906_222209_01.html,20250906 222209 01
mirror/20250906_224037_01.html,20250906 224037 01
mirror/20250906_235539_01.html,20250906 235539 01
mirror/20250907_010013_01.html,20250907 010013 01
mirror/20250910_231941_01.html,20250910 231941 01
mirror/20250911_090522_01.html,20250911 090522 01
mirror/20250911_105253_01.html,20250911 105253 01
mirror/page1.html,page1
mirror/page2.html,page2
office/20250816_180251_01.html,20250816 180251 01
office/20250817_090141_01.html,20250817 090141 01
office/20250817_090239_01.html,20250817 090239 01
office/20250817_235624_01.html,20250817 235624 01
office/20250906_084539_01.html,20250906 084539 01
office/20250906_084848_01.html,20250906 084848 01
office/20250906_211526_01.html,20250906 211526 01
office/20250906_215401_01.html,20250906 215401 01
office/20250906_215918_01.html,20250906 215918 01
office/20250906_222215_01.html,20250906 222215 01
office/20250906_224043_01.html,20250906 224043 01
office/20250906_235545_01.html,20250906 235545 01
office/20250907_010018_01.html,20250907 010018 01
office/20250910_231946_01.html,20250910 231946 01
office/20250911_090527_01.html,20250911 090527 01
office/20250911_105259_01.html,20250911 105259 01
office/page1.html,page1
pages/dark.html,dark
pages/office.html,office
pages/page1.html,page1
pages/page2.html,page2
pages/shower.html,shower
pages/soft.html,soft
pages/uniform.html,uniform
pages/dark/index.html,index
pages/office/index.html,index
pages/shower/index.html,index
pages/single/index.html,index
pages/soft/index.html,index
pages/uniform/index.html,index
redroom/20250816_180257_01.html,20250816 180257 01
redroom/20250817_090147_01.html,20250817 090147 01
redroom/20250817_090245_01.html,20250817 090245 01
redroom/20250817_235629_01.html,20250817 235629 01
redroom/20250906_084545_01.html,20250906 084545 01
redroom/20250906_084854_01.html,20250906 084854 01
redroom/20250906_211532_01.html,20250906 211532 01
redroom/20250906_215407_01.html,20250906 215407 01
redroom/20250906_215923_01.html,20250906 215923 01
redroom/20250906_222220_01.html,20250906 222220 01
redroom/20250906_224048_01.html,20250906 224048 01
redroom/20250906_235550_01.html,20250906 235550 01
redroom/20250907_010024_01.html,20250907 010024 01
redroom/20250910_231952_01.html,20250910 231952 01
redroom/20250911_090533_01.html,20250911 090533 01
redroom/20250911_105304_01.html,20250911 105304 01
redroom/page1.html,page1
shower/20250816_180303_01.html,20250816 180303 01
shower/20250817_090152_01.html,20250817 090152 01
shower/20250817_090251_01.html,20250817 090251 01
shower/20250817_235634_01.html,20250817 235634 01
shower/20250906_084550_01.html,20250906 084550 01
shower/20250906_084859_01.html,20250906 084859 01
shower/20250906_211538_01.html,20250906 211538 01
shower/20250906_215412_01.html,20250906 215412 01
shower/20250906_215928_01.html,20250906 215928 01
shower/20250906_222226_01.html,20250906 222226 01
shower/20250906_224053_01.html,20250906 224053 01
shower/20250906_235556_01.html,20250906 235556 01
shower/20250907_010029_01.html,20250907 010029 01
shower/20250910_231957_01.html,20250910 231957 01
shower/20250911_090538_01.html,20250911 090538 01
shower/20250911_105309_01.html,20250911 105309 01
shower/page1.html,page1
soft/20250816_180309_01.html,20250816 180309 01
soft/20250817_090159_01.html,20250817 090159 01
soft/20250817_090257_01.html,20250817 090257 01
soft/20250817_235640_01.html,20250817 235640 01
soft/20250906_084556_01.html,20250906 084556 01
soft/20250906_084905_01.html,20250906 084905 01
soft/20250906_211543_01.html,20250906 211543 01
soft/20250906_215417_01.html,20250906 215417 01
soft/20250906_215934_01.html,20250906 215934 01
soft/20250906_222231_01.html,20250906 222231 01
soft/20250906_224059_01.html,20250906 224059 01
soft/20250906_235601_01.html,20250906 235601 01
soft/20250907_010035_01.html,20250907 010035 01
soft/20250910_232003_01.html,20250910 232003 01
soft/20250911_090544_01.html,20250911 090544 01
soft/20250911_105315_01.html,20250911 105315 01
soft/page1.html,page1
tags/bedroom-girls.html,bedroom girls
tags/bedroom-girls_2.html,bedroom girls 2
tags/bedroom-girls_3.html,bedroom girls 3
tags/cozy-bedroom.html,cozy bedroom
tags/moody-tones.html,moody tones
tags/morning-light.html,morning light
tags/natural-look.html,natural look
tags/smiles.html,smiles
tags/soft-portraits.html,soft portraits
tags/window-light.html,window light
uniform/20250816_180314_01.html,20250816 180314 01
uniform/20250817_090210_01.html,20250817 090210 01
uniform/20250817_090303_01.html,20250817 090303 01
uniform/20250817_235645_01.html,20250817 235645 01
uniform/20250906_084601_01.html,20250906 084601 01
uniform/20250906_084910_01.html,20250906 084910 01
uniform/20250906_211548_01.html,20250906 211548 01
uniform/20250906_215423_01.html,20250906 215423 01
uniform/20250906_215940_01.html,20250906 215940 01
uniform/20250906_222237_01.html,20250906 222237 01
uniform/20250906_224105_01.html,20250906 224105 01
uniform/20250906_235607_01.html,20250906 235607 01
uniform/20250907_010040_01.html,20250907 010040 01
uniform/20250910_232008_01.html,20250910 232008 01
uniform/20250911_090549_01.html,20250911 090549 01
uniform/20250911_105321_01.html,20250911 105321 01
uniform/page1.html,page1
bedroom/20250911_154928_01.html,20250911 154928 01
bedroom/20250911_155510_01.html,20250911 155510 01
dark/20250911_155516_01.html,20250911 155516 01
fitness/20250911_155521_01.html,20250911 155521 01
luxury/20250911_155526_01.html,20250911 155526 01
mirror/20250911_155532_01.html,20250911 155532 01
office/20250911_155537_01.html,20250911 155537 01
redroom/20250911_155543_01.html,20250911 155543 01
shower/20250911_155548_01.html,20250911 155548 01
soft/20250911_155553_01.html,20250911 155553 01
uniform/20250911_155559_01.html,20250911 155559 01
bedroom/20250911_183156_01.html,20250911 183156 01
dark/20250911_183202_01.html,20250911 183202 01
fitness/20250911_183207_01.html,20250911 183207 01
luxury/20250911_183212_01.html,20250911 183212 01
mirror/20250911_183218_01.html,20250911 183218 01
office/20250911_183224_01.html,20250911 183224 01
redroom/20250911_183229_01.html,20250911 183229 01
shower/20250911_183240_01.html,20250911 183240 01
soft/20250911_183250_01.html,20250911 183250 01
uniform/20250911_183300_01.html,20250911 183300 01
404.html,404
bedroom/20250915_093404_01.html,20250915 093404 01
dark/20250915_093411_01.html,20250915 093411 01
fitness/20250915_093417_01.html,20250915 093417 01
luxury/20250915_093422_01.html,20250915 093422 01
mirror/20250915_093428_01.html,20250915 093428 01
office/20250915_093434_01.html,20250915 093434 01
redroom/20250915_093439_01.html,20250915 093439 01
shower/20250915_093445_01.html,20250915 093445 01
soft/20250915_093451_01.html,20250915 093451 01
uniform/20250915_093456_01.html,20250915 093456 01
bedroom/20250805_072414_01.html,20250805 072414 01
bedroom/20250805_072414_02.html,20250805 072414 02
bedroom/20250805_072414_03.html,20250805 072414 03
bedroom/20250805_072414_04.html,20250805 072414 04
bedroom/20250805_072414_05.html,20250805 072414 05
bedroom/20250805_072414_06.html,20250805 072414 06
bedroom/20250805_072414_07.html,20250805 072414 07
bedroom/20250805_072414_08.html,20250805 072414 08
bedroom/20250805_072414_09.html,20250805 072414 09
bedroom/20250805_072414_10.html,20250805 072414 10
bedroom/20250805_072414_11.html,20250805 072414 11
bedroom/20250805_072414_12.html,20250805 072414 12
bedroom/20250805_072414_13.html,20250805 072414 13
bedroom/20250805_072414_14.html,20250805 072414 14
bedroom/20250805_072414_15.html,20250805 072414 15
bedroom/20250805_072414_16.html,20250805 072414 16
bedroom/20250805_072414_17.html,20250805 072414 17
bedroom/20250805_072414_18.html,20250805 072414 18
bedroom/20250805_072414_19.html,20250805 072414 19
bedroom/20250805_072414_20.html,20250805 072414 20
bedroom/20250806_081643_01.html,20250806 081643 01
bedroom/20250806_081643_02.html,20250806 081643 02
bedroom/20250806_081643_03.html,20250806 081643 03
bedroom/20250806_081643_04.html,20250806 081643 04
bedroom/20250806_081643_05.html,20250806 081643 05
bedroom/20250806_081643_06.html,20250806 081643 06
bedroom/20250806_081643_07.html,20250806 081643 07
bedroom/20250806_081643_08.html,20250806 081643 08
bedroom/20250806_081643_09.html,20250806 081643 09
bedroom/20250806_081643_10.html,20250806 081643 10
bedroom/20250806_081643_11.html,20250806 081643 11
bedroom/20250806_081643_12.html,20250806 081643 12
bedroom/20250806_081643_13.html,20250806 081643 13
bedroom/20250806_081643_14.html,20250806 081643 14
bedroom/20250806_081643_15.html,20250806 081643 15
bedroom/20250806_081643_16.html,20250806 081643 16
bedroom/20250806_081643_17.html,20250806 081643 17
bedroom/20250806_081643_18.html,20250806 081643 18
bedroom/20250806_081643_19.html,20250806 081643 19
bedroom/20250806_081643_20.html,20250806 081643 20
bedroom/20250806_101500_01.html,20250806 101500 01
bedroom/20250806_101500_02.html,20250806 101500 02
bedroom/20250806_101500_03.html,20250806 101500 03
bedroom/20250806_101500_04.html,20250806 101500 04
bedroom/20250806_101500_05.html,20250806 101500 05
bedroom/20250806_101500_06.html,20250806 101500 06
bedroom/20250806_101500_07.html,20250806 101500 07
bedroom/20250806_101500_08.html,20250806 101500 08
bedroom/20250806_101500_09.html,20250806 101500 09
bedroom/20250806_101500_10.html,20250806 101500 10
bedroom/20250806_101500_11.html,20250806 101500 11
bedroom/20250806_101500_12.html,20250806 101500 12
bedroom/20250806_101500_13.html,20250806 101500 13
bedroom/20250806_101500_14.html,20250806 101500 14
bedroom/20250806_101500_15.html,20250806 101500 15
bedroom/20250806_101500_16.html,20250806 101500 16
bedroom/20250806_101500_17.html,20250806 101500 17
bedroom/20250806_101500_18.html,20250806 101500 18
bedroom/20250806_101500_19.html,20250806 101500 19
bedroom/20250806_101500_20.html,20250806 101500 20
bedroom/20250806_124808_01.html,20250806 124808 01
bedroom/20250806_124808_02.html,20250806 124808 02
bedroom/20250806_124808_03.html,20250806 124808 03
bedroom/20250806_124808_04.html,20250806 124808 04
bedroom/20250806_124808_05.html,20250806 124808 05
bedroom/20250806_124808_06.html,20250806 124808 06
bedroom/20250806_124808_07.html,20250806 124808 07
bedroom/20250806_124808_08.html,20250806 124808 08
bedroom/20250806_124808_09.html,20250806 124808 09
bedroom/20250806_124808_10.html,20250806 124808 10
bedroom/20250806_124808_11.html,20250806 124808 11
bedroom/20250806_124808_12.html,20250806 124808 12
bedroom/20250806_124808_13.html,20250806 124808 13
bedroom/20250806_124808_14.html,20250806 124808 14
bedroom/20250806_124808_15.html,20250806 124808 15
bedroom/20250806_124808_16.html,20250806 124808 16
bedroom/20250806_124808_17.html,20250806 124808 17
bedroom/20250806_124808_18.html,20250806 124808 18
bedroom/20250806_124808_19.html,20250806 124808 19
bedroom/20250806_124808_20.html,20250806 124808 20
bedroom/20250807_181858_01.html,20250807 181858 01
bedroom/20250807_181858_02.html,20250807 181858 02
bedroom/20250807_181858_03.html,20250807 181858 03
bedroom/20250807_181858_04.html,20250807 181858 04
bedroom/20250807_181858_05.html,20250807 181858 05
bedroom/20250807_181858_06.html,20250807 181858 06
bedroom/20250807_181858_07.html,20250807 181858 07
bedroom/20250807_181858_08.html,20250807 181858 08
bedroom/20250807_181858_09.html,20250807 181858 09
bedroom/20250807_181858_10.html,20250807 181858 10
bedroom/20250807_181858_11.html,20250807 181858 11
bedroom/20250807_181858_12.html,20250807 181858 12
bedroom/20250807_181858_13.html,20250807 181858 13
bedroom/20250807_181858_14.html,20250807 181858 14
bedroom/20250807_181858_15.html,20250807 181858 15
bedroom/20250807_181858_16.html,20250807 181858 16
bedroom/20250807_181858_17.html,20250807 181858 17
bedroom/20250807_181858_18.html,20250807 181858 18
bedroom/20250807_181858_19.html,20250807 181858 19
bedroom/20250807_181858_20.html,20250807 181858 20
bedroom/20250809_024444_01.html,20250809 024444 01
bedroom/20250809_024444_02.html,20250809 024444 02
bedroom/20250809_024444_03.html,20250809 024444 03
bedroom/20250809_024444_04.html,20250809 024444 04
bedroom/20250809_024444_05.html,20250809 024444 05
bedroom/20250809_024444_06.html,20250809 024444 06
bedroom/20250809_024444_07.html,20250809 024444 07
bedroom/20250809_024444_08.html,20250809 024444 08
bedroom/20250809_024444_09.html,20250809 024444 09
bedroom/20250809_024444_10.html,20250809 024444 10
bedroom/20250809_024444_11.html,20250809 024444 11
bedroom/20250809_024444_12.html,20250809 024444 12
bedroom/20250809_024444_13.html,20250809 024444 13
bedroom/20250809_024444_14.html,20250809 024444 14
bedroom/20250809_024444_15.html,20250809 024444 15
bedroom/20250809_024444_16.html,20250809 024444 16
bedroom/20250809_024444_17.html,20250809 024444 17
bedroom/20250809_024444_18.html,20250809 024444 18
bedroom/20250809_024444_19.html,20250809 024444 19
bedroom/20250809_024444_20.html,20250809 024444 20
bedroom/20250811_235422_01.html,20250811 235422 01
bedroom/20250811_235422_02.html,20250811 235422 02
bedroom/20250811_235422_03.html,20250811 235422 03
bedroom/20250811_235422_04.html,20250811 235422 04
bedroom/20250811_235422_05.html,20250811 235422 05
bedroom/20250811_235422_06.html,20250811 235422 06
bedroom/20250811_235422_07.html,20250811 235422 07
bedroom/20250811_235422_08.html,20250811 235422 08
bedroom/20250811_235422_09.html,20250811 235422 09
bedroom/20250811_235422_10.html,20250811 235422 10
bedroom/20250811_235422_11.html,20250811 235422 11
bedroom/20250811_235422_12.html,20250811 235422 12
bedroom/20250811_235422_13.html,20250811 235422 13
bedroom/20250811_235422_14.html,20250811 235422 14
bedroom/20250811_235422_15.html,20250811 235422 15
bedroom/20250811_235422_16.html,20250811 235422 16
bedroom/20250811_235422_17.html,20250811 235422 17
bedroom/20250811_235422_18.html,20250811 235422 18
bedroom/20250811_235422_19.html,20250811 235422 19
bedroom/20250811_235422_20.html,20250811 235422 20
bedroom/20250814_190620_01.html,20250814 190620 01
bedroom/20250814_190620_02.html,20250814 190620 02
bedroom/20250814_190620_03.html,20250814 190620 03
bedroom/20250814_190620_04.html,20250814 190620 04
bedroom/20250814_190620_05.html,20250814 190620 05
bedroom/20250814_190620_06.html,20250814 190620 06
bedroom/20250814_190620_07.html,20250814 190620 07
bedroom/20250814_190620_08.html,20250814 190620 08
bedroom/20250814_190620_09.html,20250814 190620 09
bedroom/20250814_190620_10.html,20250814 190620 10
bedroom/20250814_190620_11.html,20250814 190620 11
bedroom/20250814_190620_12.html,20250814 190620 12
bedroom/20250814_190620_13.html,20250814 190620 13
bedroom/20250814_190620_14.html,20250814 190620 14
bedroom/20250814_190620_15.html,20250814 190620 15
bedroom/20250814_190620_16.html,20250814 190620 16
bedroom/20250814_190620_17.html,20250814 190620 17
bedroom/20250814_190620_18.html,20250814 190620 18
bedroom/20250814_190620_19.html,20250814 190620 19
bedroom/20250814_190620_20.html,20250814 190620 20
bedroom/20250815_082639_01.html,20250815 082639 01
bedroom/20250815_082639_02.html,20250815 082639 02
bedroom/20250815_082639_03.html,20250815 082639 03
bedroom/20250815_082639_04.html,20250815 082639 04
bedroom/20250815_082639_05.html,20250815 082639 05
bedroom/20250815_082639_06.html,20250815 082639 06
bedroom/20250815_082639_07.html,20250815 082639 07
bedroom/20250815_082639_08.html,20250815 082639 08
bedroom/20250815_082639_09.html,20250815 082639 09
bedroom/20250815_082639_10.html,20250815 082639 10
bedroom/20250815_082639_11.html,20250815 082639 11
bedroom/20250815_082639_12.html,20250815 082639 12
bedroom/20250815_082639_13.html,20250815 082639 13
bedroom/20250815_082639_14.html,20250815 082639 14
bedroom/20250815_082639_15.html,20250815 082639 15
bedroom/20250815_082639_16.html,20250815 082639 16
bedroom/20250815_082639_17.html,20250815 082639 17
bedroom/20250815_082639_18.html,20250815 082639 18
bedroom/20250815_082639_19.html,20250815 082639 19
bedroom/20250815_082639_20.html,20250815 082639 20
bedroom/20250823_044641_01.html,20250823 044641 01
bedroom/20250823_044641_02.html,20250823 044641 02
bedroom/20250823_044641_03.html,20250823 044641 03
bedroom/20250823_044641_04.html,20250823 044641 04
bedroom/20250823_044641_05.html,20250823 044641 05
bedroom/20250823_044641_06.html,20250823 044641 06
bedroom/20250823_044641_07.html,20250823 044641 07
bedroom/20250823_044641_08.html,20250823 044641 08
bedroom/20250823_044641_09.html,20250823 044641 09
bedroom/20250823_044641_10.html,20250823 044641 10
bedroom/20250823_044641_11.html,20250823 044641 11
bedroom/20250823_044641_12.html,20250823 044641 12
bedroom/20250823_044641_13.html,20250823 044641 13
bedroom/20250823_044641_14.html,20250823 044641 14
bedroom/20250823_044641_15.html,20250823 044641 15
bedroom/20250823_044641_16.html,20250823 044641 16
bedroom/20250823_044641_17.html,20250823 044641 17
bedroom/20250823_044641_18.html,20250823 044641 18
bedroom/20250823_044641_19.html,20250823 044641 19
bedroom/20250823_044641_20.html,20250823 044641 20
bedroom/20250904_135842_01.html,20250904 135842 01
bedroom/20250904_135842_02.html,20250904 135842 02
bedroom/20250904_135842_03.html,20250904 135842 03
bedroom/20250904_135842_04.html,20250904 135842 04
bedroom/20250904_135842_05.html,20250904 135842 05
bedroom/20250904_135842_06.html,20250904 135842 06
bedroom/20250904_135842_07.html,20250904 135842 07
bedroom/20250904_135842_08.html,20250904 135842 08
bedroom/20250904_135842_09.html,20250904 135842 09
bedroom/20250904_135842_10.html,20250904 135842 10
bedroom/20250904_135842_11.html,20250904 135842 11
bedroom/20250904_135842_12.html,20250904 135842 12
bedroom/20250904_135842_13.html,20250904 135842 13
bedroom/20250904_135842_14.html,20250904 135842 14
bedroom/20250904_135842_15.html,20250904 135842 15
bedroom/20250904_135842_16.html,20250904 135842 16
bedroom/20250904_135842_17.html,20250904 135842 17
bedroom/20250904_135842_18.html,20250904 135842 18
bedroom/20250904_135842_19.html,20250904 135842 19
bedroom/20250904_135842_20.html,20250904 135842 20
bedroom/20250910_162813_01.html,20250910 162813 01
bedroom/20250910_162813_02.html,20250910 162813 02
bedroom/20250910_162813_03.html,20250910 162813 03
bedroom/20250910_162813_04.html,20250910 162813 04
bedroom/20250910_162813_05.html,20250910 162813 05
bedroom/20250910_162813_06.html,20250910 162813 06
bedroom/20250910_162813_07.html,20250910 162813 07
bedroom/20250910_162813_08.html,20250910 162813 08
bedroom/20250910_162813_09.html,20250910 162813 09
bedroom/20250910_162813_10.html,20250910 162813 10
bedroom/20250910_162813_11.html,20250910 162813 11
bedroom/20250910_162813_12.html,20250910 162813 12
bedroom/20250910_162813_13.html,20250910 162813 13
bedroom/20250910_162813_14.html,20250910 162813 14
bedroom/20250910_162813_15.html,20250910 162813 15
bedroom/20250910_162813_16.html,20250910 162813 16
bedroom/20250910_162813_17.html,20250910 162813 17
bedroom/20250910_162813_18.html,20250910 162813 18
bedroom/20250910_162813_19.html,20250910 162813 19
bedroom/20250910_162813_20.html,20250910 162813 20
bedroom/20250916_180801_01.html,20250916 180801 01
bedroom/20250916_180801_02.html,20250916 180801 02
bedroom/20250916_180801_03.html,20250916 180801 03
bedroom/20250916_180801_04.html,20250916 180801 04
bedroom/20250916_180801_05.html,20250916 180801 05
bedroom/20250916_180801_06.html,20250916 180801 06
bedroom/20250916_180801_07.html,20250916 180801 07
bedroom/20250916_180801_08.html,20250916 180801 08
bedroom/20250916_180801_09.html,20250916 180801 09
bedroom/20250916_180801_10.html,20250916 180801 10
bedroom/20250916_180801_11.html,20250916 180801 11
bedroom/20250916_180801_12.html,20250916 180801 12
bedroom/20250916_180801_13.html,20250916 180801 13
bedroom/20250916_180801_14.html,20250916 180801 14
bedroom/20250916_180801_15.html,20250916 180801 15
bedroom/20250916_180801_16.html,20250916 180801 16
bedroom/20250916_180801_17.html,20250916 180801 17
bedroom/20250916_180801_18.html,20250916 180801 18
bedroom/20250916_180801_19.html,20250916 180801 19
bedroom/20250916_180801_20.html,20250916 180801 20
bedroom/page10.html,page10
bedroom/page11.html,page11
bedroom/page12.html,page12
bedroom/page13.html,page13
bedroom/page3.html,page3
bedroom/page4.html,page4
bedroom/page5.html,page5
bedroom/page6.html,page6
bedroom/page7.html,page7
bedroom/page8.html,page8
bedroom/page9.html,page9
dark/20250805_072600_01.html,20250805 072600 01
dark/20250805_072600_02.html,20250805 072600 02
dark/20250805_072600_03.html,20250805 072600 03
dark/20250805_072600_04.html,20250805 072600 04
dark/20250805_072600_05.html,20250805 072600 05
dark/20250805_072600_06.html,20250805 072600 06
dark/20250805_072600_07.html,20250805 072600 07
dark/20250805_072600_08.html,20250805 072600 08
dark/20250805_072600_09.html,20250805 072600 09
dark/20250805_072600_10.html,20250805 072600 10
dark/20250805_072600_11.html,20250805 072600 11
dark/20250805_072600_12.html,20250805 072600 12
dark/20250805_072600_13.html,20250805 072600 13
dark/20250805_072600_14.html,20250805 072600 14
dark/20250805_072600_15.html,20250805 072600 15
dark/20250805_072600_16.html,20250805 072600 16
dark/20250805_072600_17.html,20250805 072600 17
dark/20250805_072600_18.html,20250805 072600 18
dark/20250805_072600_19.html,20250805 072600 19
dark/20250805_072600_20.html,20250805 072600 20
dark/20250806_081827_01.html,20250806 081827 01
dark/20250806_081827_02.html,20250806 081827 02
dark/20250806_081827_03.html,20250806 081827 03
dark/20250806_081827_04.html,20250806 081827 04
dark/20250806_081827_05.html,20250806 081827 05
dark/20250806_081827_06.html,20250806 081827 06
dark/20250806_081827_07.html,20250806 081827 07
dark/20250806_081827_08.html,20250806 081827 08
dark/20250806_081827_09.html,20250806 081827 09
dark/20250806_081827_10.html,20250806 081827 10
dark/20250806_081827_11.html,20250806 081827 11
dark/20250806_081827_12.html,20250806 081827 12
dark/20250806_081827_13.html,20250806 081827 13
dark/20250806_081827_14.html,20250806 081827 14
dark/20250806_081827_15.html,20250806 081827 15
dark/20250806_081827_16.html,20250806 081827 16
dark/20250806_081827_17.html,20250806 081827 17
dark/20250806_081827_18.html,20250806 081827 18
dark/20250806_081827_19.html,20250806 081827 19
dark/20250806_081827_20.html,20250806 081827 20
dark/20250806_101645_01.html,20250806 101645 01
dark/20250806_101645_02.html,20250806 101645 02
dark/20250806_101645_03.html,20250806 101645 03
dark/20250806_101645_04.html,20250806 101645 04
dark/20250806_101645_05.html,20250806 101645 05
dark/20250806_101645_06.html,20250806 101645 06
dark/20250806_101645_07.html,20250806 101645 07
dark/20250806_101645_08.html,20250806 101645 08
dark/20250806_101645_09.html,20250806 101645 09
dark/20250806_101645_10.html,20250806 101645 10
dark/20250806_101645_11.html,20250806 101645 11
dark/20250806_101645_12.html,20250806 101645 12
dark/20250806_101645_13.html,20250806 101645 13
dark/20250806_101645_14.html,20250806 101645 14
dark/20250806_101645_15.html,20250806 101645 15
dark/20250806_101645_16.html,20250806 101645 16
dark/20250806_101645_17.html,20250806 101645 17
dark/20250806_101645_18.html,20250806 101645 18
dark/20250806_101645_19.html,20250806 101645 19
dark/20250806_101645_20.html,20250806 101645 20
dark/20250806_124953_01.html,20250806 124953 01
dark/20250806_124953_02.html,20250806 124953 02
dark/20250806_124953_03.html,20250806 124953 03
dark/20250806_124953_04.html,20250806 124953 04
dark/20250806_124953_05.html,20250806 124953 05
dark/20250806_124953_06.html,20250806 124953 06
dark/20250806_124953_07.html,20250806 124953 07
dark/20250806_124953_08.html,20250806 124953 08
dark/20250806_124953_09.html,20250806 124953 09
dark/20250806_124953_10.html,20250806 124953 10
dark/20250806_124953_11.html,20250806 124953 11
dark/20250806_124953_12.html,20250806 124953 12
dark/20250806_124953_13.html,20250806 124953 13
dark/20250806_124953_14.html,20250806 124953 14
dark/20250806_124953_15.html,20250806 124953 15
dark/20250806_124953_16.html,20250806 124953 16
dark/20250806_124953_17.html,20250806 124953 17
dark/20250806_124953_18.html,20250806 124953 18
dark/20250806_124953_19.html,20250806 124953 19
dark/20250806_124953_20.html,20250806 124953 20
dark/20250807_182044_01.html,20250807 182044 01
dark/20250807_182044_02.html,20250807 182044 02
dark/20250807_182044_03.html,20250807 182044 03
dark/20250807_182044_04.html,20250807 182044 04
dark/20250807_182044_05.html,20250807 182044 05
dark/20250807_182044_06.html,20250807 182044 06
dark/20250807_182044_07.html,20250807 182044 07
dark/20250807_182044_08.html,20250807 182044 08
dark/20250807_182044_09.html,20250807 182044 09
dark/20250807_182044_10.html,20250807 182044 10
dark/20250807_182044_11.html,20250807 182044 11
dark/20250807_182044_12.html,20250807 182044 12
dark/20250807_182044_13.html,20250807 182044 13
dark/20250807_182044_14.html,20250807 182044 14
dark/20250807_182044_15.html,20250807 182044 15
dark/20250807_182044_16.html,20250807 182044 16
dark/20250807_182044_17.html,20250807 182044 17
dark/20250807_182044_18.html,20250807 182044 18
dark/20250807_182044_19.html,20250807 182044 19
dark/20250807_182044_20.html,20250807 182044 20
dark/20250809_024629_01.html,20250809 024629 01
dark/20250809_024629_02.html,20250809 024629 02
dark/20250809_024629_03.html,20250809 024629 03
dark/20250809_024629_04.html,20250809 024629 04
dark/20250809_024629_05.html,20250809 024629 05
dark/20250809_024629_06.html,20250809 024629 06
dark/20250809_024629_07.html,20250809 024629 07
dark/20250809_024629_08.html,20250809 024629 08
dark/20250809_024629_09.html,20250809 024629 09
dark/20250809_024629_10.html,20250809 024629 10
dark/20250809_024629_11.html,20250809 024629 11
dark/20250809_024629_12.html,20250809 024629 12
dark/20250809_024629_13.html,20250809 024629 13
dark/20250809_024629_14.html,20250809 024629 14
dark/20250809_024629_15.html,20250809 024629 15
dark/20250809_024629_16.html,20250809 024629 16
dark/20250809_024629_17.html,20250809 024629 17
dark/20250809_024629_18.html,20250809 024629 18
dark/20250809_024629_19.html,20250809 024629 19
dark/20250809_024629_20.html,20250809 024629 20
dark/20250811_235609_01.html,20250811 235609 01
dark/20250811_235609_02.html,20250811 235609 02
dark/20250811_235609_03.html,20250811 235609 03
dark/20250811_235609_04.html,20250811 235609 04
dark/20250811_235609_05.html,20250811 235609 05
dark/20250811_235609_06.html,20250811 235609 06
dark/20250811_235609_07.html,20250811 235609 07
dark/20250811_235609_08.html,20250811 235609 08
dark/20250811_235609_09.html,20250811 235609 09
dark/20250811_235609_10.html,20250811 235609 10
dark/20250811_235609_11.html,20250811 235609 11
dark/20250811_235609_12.html,20250811 235609 12
dark/20250811_235609_13.html,20250811 235609 13
dark/20250811_235609_14.html,20250811 235609 14
dark/20250811_235609_15.html,20250811 235609 15
dark/20250811_235609_16.html,20250811 235609 16
dark/20250811_235609_17.html,20250811 235609 17
dark/20250811_235609_18.html,20250811 235609 18
dark/20250811_235609_19.html,20250811 235609 19
dark/20250811_235609_20.html,20250811 235609 20
dark/20250814_190806_01.html,20250814 190806 01
dark/20250814_190806_02.html,20250814 190806 02
dark/20250814_190806_03.html,20250814 190806 03
dark/20250814_190806_04.html,20250814 190806 04
dark/20250814_190806_05.html,20250814 190806 05
dark/20250814_190806_06.html,20250814 190806 06
dark/20250814_190806_07.html,20250814 190806 07
dark/20250814_190806_08.html,20250814 190806 08
dark/20250814_190806_09.html,20250814 190806 09
dark/20250814_190806_10.html,20250814 190806 10
dark/20250814_190806_11.html,20250814 190806 11
dark/20250814_190806_12.html,20250814 190806 12
dark/20250814_190806_13.html,20250814 190806 13
dark/20250814_190806_14.html,20250814 190806 14
dark/20250814_190806_15.html,20250814 190806 15
dark/20250814_190806_16.html,20250814 190806 16
dark/20250814_190806_17.html,20250814 190806 17
dark/20250814_190806_18.html,20250814 190806 18
dark/20250814_190806_19.html,20250814 190806 19
dark/20250814_190806_20.html,20250814 190806 20
dark/20250815_082825_01.html,20250815 082825 01
dark/20250815_082825_02.html,20250815 082825 02
dark/20250815_082825_03.html,20250815 082825 03
dark/20250815_082825_04.html,20250815 082825 04
dark/20250815_082825_05.html,20250815 082825 05
dark/20250815_082825_06.html,20250815 082825 06
dark/20250815_082825_07.html,20250815 082825 07
dark/20250815_082825_08.html,20250815 082825 08
dark/20250815_082825_09.html,20250815 082825 09
dark/20250815_082825_10.html,20250815 082825 10
dark/20250815_082825_11.html,20250815 082825 11
dark/20250815_082825_12.html,20250815 082825 12
dark/20250815_082825_13.html,20250815 082825 13
dark/20250815_082825_14.html,20250815 082825 14
dark/20250815_082825_15.html,20250815 082825 15
dark/20250815_082825_16.html,20250815 082825 16
dark/20250815_082825_17.html,20250815 082825 17
dark/20250815_082825_18.html,20250815 082825 18
dark/20250815_082825_19.html,20250815 082825 19
dark/20250815_082825_20.html,20250815 082825 20
dark/20250823_044827_01.html,20250823 044827 01
dark/20250823_044827_02.html,20250823 044827 02
dark/20250823_044827_03.html,20250823 044827 03
dark/20250823_044827_04.html,20250823 044827 04
dark/20250823_044827_05.html,20250823 044827 05
dark/20250823_044827_06.html,20250823 044827 06
dark/20250823_044827_07.html,20250823 044827 07
dark/20250823_044827_08.html,20250823 044827 08
dark/20250823_044827_09.html,20250823 044827 09
dark/20250823_044827_10.html,20250823 044827 10
dark/20250823_044827_11.html,20250823 044827 11
dark/20250823_044827_12.html,20250823 044827 12
dark/20250823_044827_13.html,20250823 044827 13
dark/20250823_044827_14.html,20250823 044827 14
dark/20250823_044827_15.html,20250823 044827 15
dark/20250823_044827_16.html,20250823 044827 16
dark/20250823_044827_17.html,20250823 044827 17
dark/20250823_044827_18.html,20250823 044827 18
dark/20250823_044827_19.html,20250823 044827 19
dark/20250823_044827_20.html,20250823 044827 20
dark/20250904_140014_01.html,20250904 140014 01
dark/20250904_140014_02.html,20250904 140014 02
dark/20250904_140014_03.html,20250904 140014 03
dark/20250904_140014_04.html,20250904 140014 04
dark/20250904_140014_05.html,20250904 140014 05
dark/20250904_140014_06.html,20250904 140014 06
dark/20250904_140014_07.html,20250904 140014 07
dark/20250904_140014_08.html,20250904 140014 08
dark/20250904_140014_09.html,20250904 140014 09
dark/20250904_140014_10.html,20250904 140014 10
dark/20250904_140014_11.html,20250904 140014 11
dark/20250904_140014_12.html,20250904 140014 12
dark/20250904_140014_13.html,20250904 140014 13
dark/20250904_140014_14.html,20250904 140014 14
dark/20250904_140014_15.html,20250904 140014 15
dark/20250904_140014_16.html,20250904 140014 16
dark/20250904_140014_17.html,20250904 140014 17
dark/20250904_140014_18.html,20250904 140014 18
dark/20250904_140014_19.html,20250904 140014 19
dark/20250904_140014_20.html,20250904 140014 20
dark/20250910_162944_01.html,20250910 162944 01
dark/20250910_162944_02.html,20250910 162944 02
dark/20250910_162944_03.html,20250910 162944 03
dark/20250910_162944_04.html,20250910 162944 04
dark/20250910_162944_05.html,20250910 162944 05
dark/20250910_162944_06.html,20250910 162944 06
dark/20250910_162944_07.html,20250910 162944 07
dark/20250910_162944_08.html,20250910 162944 08
dark/20250910_162944_09.html,20250910 162944 09
dark/20250910_162944_10.html,20250910 162944 10
dark/20250910_162944_11.html,20250910 162944 11
dark/20250910_162944_12.html,20250910 162944 12
dark/20250910_162944_13.html,20250910 162944 13
dark/20250910_162944_14.html,20250910 162944 14
dark/20250910_162944_15.html,20250910 162944 15
dark/20250910_162944_16.html,20250910 162944 16
dark/20250910_162944_17.html,20250910 162944 17
dark/20250910_162944_18.html,20250910 162944 18
dark/20250910_162944_19.html,20250910 162944 19
dark/20250910_162944_20.html,20250910 162944 20
dark/20250916_180940_01.html,20250916 180940 01
dark/20250916_180940_02.html,20250916 180940 02
dark/20250916_180940_03.html,20250916 180940 03
dark/20250916_180940_04.html,20250916 180940 04
dark/20250916_180940_05.html,20250916 180940 05
dark/20250916_180940_06.html,20250916 180940 06
dark/20250916_180940_07.html,20250916 180940 07
dark/20250916_180940_08.html,20250916 180940 08
dark/20250916_180940_09.html,20250916 180940 09
dark/20250916_180940_10.html,20250916 180940 10
dark/20250916_180940_11.html,20250916 180940 11
dark/20250916_180940_12.html,20250916 180940 12
dark/20250916_180940_13.html,20250916 180940 13
dark/20250916_180940_14.html,20250916 180940 14
dark/20250916_180940_15.html,20250916 180940 15
dark/20250916_180940_16.html,20250916 180940 16
dark/20250916_180940_17.html,20250916 180940 17
dark/20250916_180940_18.html,20250916 180940 18
dark/20250916_180940_19.html,20250916 180940 19
dark/20250916_180940_20.html,20250916 180940 20
dark/page10.html,page10
dark/page11.html,page11
dark/page12.html,page12
dark/page13.html,page13
dark/page3.html,page3
dark/page4.html,page4
dark/page5.html,page5
dark/page6.html,page6
dark/page7.html,page7
dark/page8.html,page8
dark/page9.html,page9
fitness/20250805_072743_01.html,20250805 072743 01
fitness/20250805_072743_02.html,20250805 072743 02
fitness/20250805_072743_03.html,20250805 072743 03
fitness/20250805_072743_04.html,20250805 072743 04
fitness/20250805_072743_05.html,20250805 072743 05
fitness/20250805_072743_06.html,20250805 072743 06
fitness/20250805_072743_07.html,20250805 072743 07
fitness/20250805_072743_08.html,20250805 072743 08
fitness/20250805_072743_09.html,20250805 072743 09
fitness/20250805_072743_10.html,20250805 072743 10
fitness/20250805_072743_11.html,20250805 072743 11
fitness/20250805_072743_12.html,20250805 072743 12
fitness/20250805_072743_13.html,20250805 072743 13
fitness/20250805_072743_14.html,20250805 072743 14
fitness/20250805_072743_15.html,20250805 072743 15
fitness/20250805_072743_16.html,20250805 072743 16
fitness/20250805_072743_17.html,20250805 072743 17
fitness/20250805_072743_18.html,20250805 072743 18
fitness/20250805_072743_19.html,20250805 072743 19
fitness/20250805_072743_20.html,20250805 072743 20
fitness/20250806_082012_01.html,20250806 082012 01
fitness/20250806_082012_02.html,20250806 082012 02
fitness/20250806_082012_03.html,20250806 082012 03
fitness/20250806_082012_04.html,20250806 082012 04
fitness/20250806_082012_05.html,20250806 082012 05
fitness/20250806_082012_06.html,20250806 082012 06
fitness/20250806_082012_07.html,20250806 082012 07
fitness/20250806_082012_08.html,20250806 082012 08
fitness/20250806_082012_09.html,20250806 082012 09
fitness/20250806_082012_10.html,20250806 082012 10
fitness/20250806_082012_11.html,20250806 082012 11
fitness/20250806_082012_12.html,20250806 082012 12
fitness/20250806_082012_13.html,20250806 082012 13
fitness/20250806_082012_14.html,20250806 082012 14
fitness/20250806_082012_15.html,20250806 082012 15
fitness/20250806_082012_16.html,20250806 082012 16
fitness/20250806_082012_17.html,20250806 082012 17
fitness/20250806_082012_18.html,20250806 082012 18
fitness/20250806_082012_19.html,20250806 082012 19
fitness/20250806_082012_20.html,20250806 082012 20
fitness/20250806_101831_01.html,20250806 101831 01
fitness/20250806_101831_02.html,20250806 101831 02
fitness/20250806_101831_03.html,20250806 101831 03
fitness/20250806_101831_04.html,20250806 101831 04
fitness/20250806_101831_05.html,20250806 101831 05
fitness/20250806_101831_06.html,20250806 101831 06
fitness/20250806_101831_07.html,20250806 101831 07
fitness/20250806_101831_08.html,20250806 101831 08
fitness/20250806_101831_09.html,20250806 101831 09
fitness/20250806_101831_10.html,20250806 101831 10
fitness/20250806_101831_11.html,20250806 101831 11
fitness/20250806_101831_12.html,20250806 101831 12
fitness/20250806_101831_13.html,20250806 101831 13
fitness/20250806_101831_14.html,20250806 101831 14
fitness/20250806_101831_15.html,20250806 101831 15
fitness/20250806_101831_16.html,20250806 101831 16
fitness/20250806_101831_17.html,20250806 101831 17
fitness/20250806_101831_18.html,20250806 101831 18
fitness/20250806_101831_19.html,20250806 101831 19
fitness/20250806_101831_20.html,20250806 101831 20
fitness/20250806_125139_01.html,20250806 125139 01
fitness/20250806_125139_02.html,20250806 125139 02
fitness/20250806_125139_03.html,20250806 125139 03
fitness/20250806_125139_04.html,20250806 125139 04
fitness/20250806_125139_05.html,20250806 125139 05
fitness/20250806_125139_06.html,20250806 125139 06
fitness/20250806_125139_07.html,20250806 125139 07
fitness/20250806_125139_08.html,20250806 125139 08
fitness/20250806_125139_09.html,20250806 125139 09
fitness/20250806_125139_10.html,20250806 125139 10
fitness/20250806_125139_11.html,20250806 125139 11
fitness/20250806_125139_12.html,20250806 125139 12
fitness/20250806_125139_13.html,20250806 125139 13
fitness/20250806_125139_14.html,20250806 125139 14
fitness/20250806_125139_15.html,20250806 125139 15
fitness/20250806_125139_16.html,20250806 125139 16
fitness/20250806_125139_17.html,20250806 125139 17
fitness/20250806_125139_18.html,20250806 125139 18
fitness/20250806_125139_19.html,20250806 125139 19
fitness/20250806_125139_20.html,20250806 125139 20
fitness/20250807_182229_01.html,20250807 182229 01
fitness/20250807_182229_02.html,20250807 182229 02
fitness/20250807_182229_03.html,20250807 182229 03
fitness/20250807_182229_04.html,20250807 182229 04
fitness/20250807_182229_05.html,20250807 182229 05
fitness/20250807_182229_06.html,20250807 182229 06
fitness/20250807_182229_07.html,20250807 182229 07
fitness/20250807_182229_08.html,20250807 182229 08
fitness/20250807_182229_09.html,20250807 182229 09
fitness/20250807_182229_10.html,20250807 182229 10
fitness/20250807_182229_11.html,20250807 182229 11
fitness/20250807_182229_12.html,20250807 182229 12
fitness/20250807_182229_13.html,20250807 182229 13
fitness/20250807_182229_14.html,20250807 182229 14
fitness/20250807_182229_15.html,20250807 182229 15
fitness/20250807_182229_16.html,20250807 182229 16
fitness/20250807_182229_17.html,20250807 182229 17
fitness/20250807_182229_18.html,20250807 182229 18
fitness/20250807_182229_19.html,20250807 182229 19
fitness/20250807_182229_20.html,20250807 182229 20
fitness/20250809_024814_01.html,20250809 024814 01
fitness/20250809_024814_02.html,20250809 024814 02
fitness/20250809_024814_03.html,20250809 024814 03
fitness/20250809_024814_04.html,20250809 024814 04
fitness/20250809_024814_05.html,20250809 024814 05
fitness/20250809_024814_06.html,20250809 024814 06
fitness/20250809_024814_07.html,20250809 024814 07
fitness/20250809_024814_08.html,20250809 024814 08
fitness/20250809_024814_09.html,20250809 024814 09
fitness/20250809_024814_10.html,20250809 024814 10
fitness/20250809_024814_11.html,20250809 024814 11
fitness/20250809_024814_12.html,20250809 024814 12
fitness/20250809_024814_13.html,20250809 024814 13
fitness/20250809_024814_14.html,20250809 024814 14
fitness/20250809_024814_15.html,20250809 024814 15
fitness/20250809_024814_16.html,20250809 024814 16
fitness/20250809_024814_17.html,20250809 024814 17
fitness/20250809_024814_18.html,20250809 024814 18
fitness/20250809_024814_19.html,20250809 024814 19
fitness/20250809_024814_20.html,20250809 024814 20
fitness/20250811_235754_01.html,20250811 235754 01
fitness/20250811_235754_02.html,20250811 235754 02
fitness/20250811_235754_03.html,20250811 235754 03
fitness/20250811_235754_04.html,20250811 235754 04
fitness/20250811_235754_05.html,20250811 235754 05
fitness/20250811_235754_06.html,20250811 235754 06
fitness/20250811_235754_07.html,20250811 235754 07
fitness/20250811_235754_08.html,20250811 235754 08
fitness/20250811_235754_09.html,20250811 235754 09
fitness/20250811_235754_10.html,20250811 235754 10
fitness/20250811_235754_11.html,20250811 235754 11
fitness/20250811_235754_12.html,20250811 235754 12
fitness/20250811_235754_13.html,20250811 235754 13
fitness/20250811_235754_14.html,20250811 235754 14
fitness/20250811_235754_15.html,20250811 235754 15
fitness/20250811_235754_16.html,20250811 235754 16
fitness/20250811_235754_17.html,20250811 235754 17
fitness/20250811_235754_18.html,20250811 235754 18
fitness/20250811_235754_19.html,20250811 235754 19
fitness/20250811_235754_20.html,20250811 235754 20
fitness/20250814_190951_01.html,20250814 190951 01
fitness/20250814_190951_02.html,20250814 190951 02
fitness/20250814_190951_03.html,20250814 190951 03
fitness/20250814_190951_04.html,20250814 190951 04
fitness/20250814_190951_05.html,20250814 190951 05
fitness/20250814_190951_06.html,20250814 190951 06
fitness/20250814_190951_07.html,20250814 190951 07
fitness/20250814_190951_08.html,20250814 190951 08
fitness/20250814_190951_09.html,20250814 190951 09
fitness/20250814_190951_10.html,20250814 190951 10
fitness/20250814_190951_11.html,20250814 190951 11
fitness/20250814_190951_12.html,20250814 190951 12
fitness/20250814_190951_13.html,20250814 190951 13
fitness/20250814_190951_14.html,20250814 190951 14
fitness/20250814_190951_15.html,20250814 190951 15
fitness/20250814_190951_16.html,20250814 190951 16
fitness/20250814_190951_17.html,20250814 190951 17
fitness/20250814_190951_18.html,20250814 190951 18
fitness/20250814_190951_19.html,20250814 190951 19
fitness/20250814_190951_20.html,20250814 190951 20
fitness/20250815_083009_01.html,20250815 083009 01
fitness/20250815_083009_02.html,20250815 083009 02
fitness/20250815_083009_03.html,20250815 083009 03
fitness/20250815_083009_04.html,20250815 083009 04
fitness/20250815_083009_05.html,20250815 083009 05
fitness/20250815_083009_06.html,20250815 083009 06
fitness/20250815_083009_07.html,20250815 083009 07
fitness/20250815_083009_08.html,20250815 083009 08
fitness/20250815_083009_09.html,20250815 083009 09
fitness/20250815_083009_10.html,20250815 083009 10
fitness/20250815_083009_11.html,20250815 083009 11
fitness/20250815_083009_12.html,20250815 083009 12
fitness/20250815_083009_13.html,20250815 083009 13
fitness/20250815_083009_14.html,20250815 083009 14
fitness/20250815_083009_15.html,20250815 083009 15
fitness/20250815_083009_16.html,20250815 083009 16
fitness/20250815_083009_17.html,20250815 083009 17
fitness/20250815_083009_18.html,20250815 083009 18
fitness/20250815_083009_19.html,20250815 083009 19
fitness/20250815_083009_20.html,20250815 083009 20
fitness/20250823_045011_01.html,20250823 045011 01
fitness/20250823_045011_02.html,20250823 045011 02
fitness/20250823_045011_03.html,20250823 045011 03
fitness/20250823_045011_04.html,20250823 045011 04
fitness/20250823_045011_05.html,20250823 045011 05
fitness/20250823_045011_06.html,20250823 045011 06
fitness/20250823_045011_07.html,20250823 045011 07
fitness/20250823_045011_08.html,20250823 045011 08
fitness/20250823_045011_09.html,20250823 045011 09
fitness/20250823_045011_10.html,20250823 045011 10
fitness/20250823_045011_11.html,20250823 045011 11
fitness/20250823_045011_12.html,20250823 045011 12
fitness/20250823_045011_13.html,20250823 045011 13
fitness/20250823_045011_14.html,20250823 045011 14
fitness/20250823_045011_15.html,20250823 045011 15
fitness/20250823_045011_16.html,20250823 045011 16
fitness/20250823_045011_17.html,20250823 045011 17
fitness/20250823_045011_18.html,20250823 045011 18
fitness/20250823_045011_19.html,20250823 045011 19
fitness/20250823_045011_20.html,20250823 045011 20
fitness/20250904_140144_01.html,20250904 140144 01
fitness/20250904_140144_02.html,20250904 140144 02
fitness/20250904_140144_03.html,20250904 140144 03
fitness/20250904_140144_04.html,20250904 140144 04
fitness/20250904_140144_05.html,20250904 140144 05
fitness/20250904_140144_06.html,20250904 140144 06
fitness/20250904_140144_07.html,20250904 140144 07
fitness/20250904_140144_08.html,20250904 140144 08
fitness/20250904_140144_09.html,20250904 140144 09
fitness/20250904_140144_10.html,20250904 140144 10
fitness/20250904_140144_11.html,20250904 140144 11
fitness/20250904_140144_12.html,20250904 140144 12
fitness/20250904_140144_13.html,20250904 140144 13
fitness/20250904_140144_14.html,20250904 140144 14
fitness/20250904_140144_15.html,20250904 140144 15
fitness/20250904_140144_16.html,20250904 140144 16
fitness/20250904_140144_17.html,20250904 140144 17
fitness/20250904_140144_18.html,20250904 140144 18
fitness/20250904_140144_19.html,20250904 140144 19
fitness/20250904_140144_20.html,20250904 140144 20
fitness/20250910_163117_01.html,20250910 163117 01
fitness/20250910_163117_02.html,20250910 163117 02
fitness/20250910_163117_03.html,20250910 163117 03
fitness/20250910_163117_04.html,20250910 163117 04
fitness/20250910_163117_05.html,20250910 163117 05
fitness/20250910_163117_06.html,20250910 163117 06
fitness/20250910_163117_07.html,20250910 163117 07
fitness/20250910_163117_08.html,20250910 163117 08
fitness/20250910_163117_09.html,20250910 163117 09
fitness/20250910_163117_10.html,20250910 163117 10
fitness/20250910_163117_11.html,20250910 163117 11
fitness/20250910_163117_12.html,20250910 163117 12
fitness/20250910_163117_13.html,20250910 163117 13
fitness/20250910_163117_14.html,20250910 163117 14
fitness/20250910_163117_15.html,20250910 163117 15
fitness/20250910_163117_16.html,20250910 163117 16
fitness/20250910_163117_17.html,20250910 163117 17
fitness/20250910_163117_18.html,20250910 163117 18
fitness/20250910_163117_19.html,20250910 163117 19
fitness/20250910_163117_20.html,20250910 163117 20
fitness/20250916_181119_01.html,20250916 181119 01
fitness/20250916_181119_02.html,20250916 181119 02
fitness/20250916_181119_03.html,20250916 181119 03
fitness/20250916_181119_04.html,20250916 181119 04
fitness/20250916_181119_05.html,20250916 181119 05
fitness/20250916_181119_06.html,20250916 181119 06
fitness/20250916_181119_07.html,20250916 181119 07
fitness/20250916_181119_08.html,20250916 181119 08
fitness/20250916_181119_09.html,20250916 181119 09
fitness/20250916_181119_10.html,20250916 181119 10
fitness/20250916_181119_11.html,20250916 181119 11
fitness/20250916_181119_12.html,20250916 181119 12
fitness/20250916_181119_13.html,20250916 181119 13
fitness/20250916_181119_14.html,20250916 181119 14
fitness/20250916_181119_15.html,20250916 181119 15
fitness/20250916_181119_16.html,20250916 181119 16
fitness/20250916_181119_17.html,20250916 181119 17
fitness/20250916_181119_18.html,20250916 181119 18
fitness/20250916_181119_19.html,20250916 181119 19
fitness/20250916_181119_20.html,20250916 181119 20
fitness/page10.html,page10
fitness/page11.html,page11
fitness/page12.html,page12
fitness/page13.html,page13
fitness/page3.html,page3
fitness/page4.html,page4
fitness/page5.html,page5
fitness/page6.html,page6
fitness/page7.html,page7
fitness/page8.html,page8
fitness/page9.html,page9
luxury/20250805_073648_01.html,20250805 073648 01
luxury/20250805_073648_02.html,20250805 073648 02
luxury/20250805_073648_03.html,20250805 073648 03
luxury/20250805_073648_04.html,20250805 073648 04
luxury/20250805_073648_05.html,20250805 073648 05
luxury/20250805_073648_06.html,20250805 073648 06
luxury/20250805_073648_07.html,20250805 073648 07
luxury/20250805_073648_08.html,20250805 073648 08
luxury/20250805_073648_09.html,20250805 073648 09
luxury/20250805_073648_10.html,20250805 073648 10
luxury/20250805_073648_11.html,20250805 073648 11
luxury/20250805_073648_12.html,20250805 073648 12
luxury/20250805_073648_13.html,20250805 073648 13
luxury/20250805_073648_14.html,20250805 073648 14
luxury/20250805_073648_15.html,20250805 073648 15
luxury/20250805_073648_16.html,20250805 073648 16
luxury/20250805_073648_17.html,20250805 073648 17
luxury/20250805_073648_18.html,20250805 073648 18
luxury/20250805_073648_19.html,20250805 073648 19
luxury/20250805_073648_20.html,20250805 073648 20
luxury/20250806_082158_01.html,20250806 082158 01
luxury/20250806_082158_02.html,20250806 082158 02
luxury/20250806_082158_03.html,20250806 082158 03
luxury/20250806_082158_04.html,20250806 082158 04
luxury/20250806_082158_05.html,20250806 082158 05
luxury/20250806_082158_06.html,20250806 082158 06
luxury/20250806_082158_07.html,20250806 082158 07
luxury/20250806_082158_08.html,20250806 082158 08
luxury/20250806_082158_09.html,20250806 082158 09
luxury/20250806_082158_10.html,20250806 082158 10
luxury/20250806_082158_11.html,20250806 082158 11
luxury/20250806_082158_12.html,20250806 082158 12
luxury/20250806_082158_13.html,20250806 082158 13
luxury/20250806_082158_14.html,20250806 082158 14
luxury/20250806_082158_15.html,20250806 082158 15
luxury/20250806_082158_16.html,20250806 082158 16
luxury/20250806_082158_17.html,20250806 082158 17
luxury/20250806_082158_18.html,20250806 082158 18
luxury/20250806_082158_19.html,20250806 082158 19
luxury/20250806_082158_20.html,20250806 082158 20
luxury/20250806_102017_01.html,20250806 102017 01
luxury/20250806_102017_02.html,20250806 102017 02
luxury/20250806_102017_03.html,20250806 102017 03
luxury/20250806_102017_04.html,20250806 102017 04
luxury/20250806_102017_05.html,20250806 102017 05
luxury/20250806_102017_06.html,20250806 102017 06
luxury/20250806_102017_07.html,20250806 102017 07
luxury/20250806_102017_08.html,20250806 102017 08
luxury/20250806_102017_09.html,20250806 102017 09
luxury/20250806_102017_10.html,20250806 102017 10
luxury/20250806_102017_11.html,20250806 102017 11
luxury/20250806_102017_12.html,20250806 102017 12
luxury/20250806_102017_13.html,20250806 102017 13
luxury/20250806_102017_14.html,20250806 102017 14
luxury/20250806_102017_15.html,20250806 102017 15
luxury/20250806_102017_16.html,20250806 102017 16
luxury/20250806_102017_17.html,20250806 102017 17
luxury/20250806_102017_18.html,20250806 102017 18
luxury/20250806_102017_19.html,20250806 102017 19
luxury/20250806_102017_20.html,20250806 102017 20
luxury/20250806_125325_01.html,20250806 125325 01
luxury/20250806_125325_02.html,20250806 125325 02
luxury/20250806_125325_03.html,20250806 125325 03
luxury/20250806_125325_04.html,20250806 125325 04
luxury/20250806_125325_05.html,20250806 125325 05
luxury/20250806_125325_06.html,20250806 125325 06
luxury/20250806_125325_07.html,20250806 125325 07
luxury/20250806_125325_08.html,20250806 125325 08
luxury/20250806_125325_09.html,20250806 125325 09
luxury/20250806_125325_10.html,20250806 125325 10
luxury/20250806_125325_11.html,20250806 125325 11
luxury/20250806_125325_12.html,20250806 125325 12
luxury/20250806_125325_13.html,20250806 125325 13
luxury/20250806_125325_14.html,20250806 125325 14
luxury/20250806_125325_15.html,20250806 125325 15
luxury/20250806_125325_16.html,20250806 125325 16
luxury/20250806_125325_17.html,20250806 125325 17
luxury/20250806_125325_18.html,20250806 125325 18
luxury/20250806_125325_19.html,20250806 125325 19
luxury/20250806_125325_20.html,20250806 125325 20
luxury/20250807_182414_01.html,20250807 182414 01
luxury/20250807_182414_02.html,20250807 182414 02
luxury/20250807_182414_03.html,20250807 182414 03
luxury/20250807_182414_04.html,20250807 182414 04
luxury/20250807_182414_05.html,20250807 182414 05
luxury/20250807_182414_06.html,20250807 182414 06
luxury/20250807_182414_07.html,20250807 182414 07
luxury/20250807_182414_08.html,20250807 182414 08
luxury/20250807_182414_09.html,20250807 182414 09
luxury/20250807_182414_10.html,20250807 182414 10
luxury/20250807_182414_11.html,20250807 182414 11
luxury/20250807_182414_12.html,20250807 182414 12
luxury/20250807_182414_13.html,20250807 182414 13
luxury/20250807_182414_14.html,20250807 182414 14
luxury/20250807_182414_15.html,20250807 182414 15
luxury/20250807_182414_16.html,20250807 182414 16
luxury/20250807_182414_17.html,20250807 182414 17
luxury/20250807_182414_18.html,20250807 182414 18
luxury/20250807_182414_19.html,20250807 182414 19
luxury/20250807_182414_20.html,20250807 182414 20
luxury/20250809_025000_01.html,20250809 025000 01
luxury/20250809_025000_02.html,20250809 025000 02
luxury/20250809_025000_03.html,20250809 025000 03
luxury/20250809_025000_04.html,20250809 025000 04
luxury/20250809_025000_05.html,20250809 025000 05
luxury/20250809_025000_06.html,20250809 025000 06
luxury/20250809_025000_07.html,20250809 025000 07
luxury/20250809_025000_08.html,20250809 025000 08
luxury/20250809_025000_09.html,20250809 025000 09
luxury/20250809_025000_10.html,20250809 025000 10
luxury/20250809_025000_11.html,20250809 025000 11
luxury/20250809_025000_12.html,20250809 025000 12
luxury/20250809_025000_13.html,20250809 025000 13
luxury/20250809_025000_14.html,20250809 025000 14
luxury/20250809_025000_15.html,20250809 025000 15
luxury/20250809_025000_16.html,20250809 025000 16
luxury/20250809_025000_17.html,20250809 025000 17
luxury/20250809_025000_18.html,20250809 025000 18
luxury/20250809_025000_19.html,20250809 025000 19
luxury/20250809_025000_20.html,20250809 025000 20
luxury/20250811_235940_01.html,20250811 235940 01
luxury/20250811_235940_02.html,20250811 235940 02
luxury/20250811_235940_03.html,20250811 235940 03
luxury/20250811_235940_04.html,20250811 235940 04
luxury/20250811_235940_05.html,20250811 235940 05
luxury/20250811_235940_06.html,20250811 235940 06
luxury/20250811_235940_07.html,20250811 235940 07
luxury/20250811_235940_08.html,20250811 235940 08
luxury/20250811_235940_09.html,20250811 235940 09
luxury/20250811_235940_10.html,20250811 235940 10
luxury/20250811_235940_11.html,20250811 235940 11
luxury/20250811_235940_12.html,20250811 235940 12
luxury/20250811_235940_13.html,20250811 235940 13
luxury/20250811_235940_14.html,20250811 235940 14
luxury/20250811_235940_15.html,20250811 235940 15
luxury/20250811_235940_16.html,20250811 235940 16
luxury/20250811_235940_17.html,20250811 235940 17
luxury/20250811_235940_18.html,20250811 235940 18
luxury/20250811_235940_19.html,20250811 235940 19
luxury/20250811_235940_20.html,20250811 235940 20
luxury/20250814_191137_01.html,20250814 191137 01
luxury/20250814_191137_02.html,20250814 191137 02
luxury/20250814_191137_03.html,20250814 191137 03
luxury/20250814_191137_04.html,20250814 191137 04
luxury/20250814_191137_05.html,20250814 191137 05
luxury/20250814_191137_06.html,20250814 191137 06
luxury/20250814_191137_07.html,20250814 191137 07
luxury/20250814_191137_08.html,20250814 191137 08
luxury/20250814_191137_09.html,20250814 191137 09
luxury/20250814_191137_10.html,20250814 191137 10
luxury/20250814_191137_11.html,20250814 191137 11
luxury/20250814_191137_12.html,20250814 191137 12
luxury/20250814_191137_13.html,20250814 191137 13
luxury/20250814_191137_14.html,20250814 191137 14
luxury/20250814_191137_15.html,20250814 191137 15
luxury/20250814_191137_16.html,20250814 191137 16
luxury/20250814_191137_17.html,20250814 191137 17
luxury/20250814_191137_18.html,20250814 191137 18
luxury/20250814_191137_19.html,20250814 191137 19
luxury/20250814_191137_20.html,20250814 191137 20
luxury/20250815_083154_01.html,20250815 083154 01
luxury/20250815_083154_02.html,20250815 083154 02
luxury/20250815_083154_03.html,20250815 083154 03
luxury/20250815_083154_04.html,20250815 083154 04
luxury/20250815_083154_05.html,20250815 083154 05
luxury/20250815_083154_06.html,20250815 083154 06
luxury/20250815_083154_07.html,20250815 083154 07
luxury/20250815_083154_08.html,20250815 083154 08
luxury/20250815_083154_09.html,20250815 083154 09
luxury/20250815_083154_10.html,20250815 083154 10
luxury/20250815_083154_11.html,20250815 083154 11
luxury/20250815_083154_12.html,20250815 083154 12
luxury/20250815_083154_13.html,20250815 083154 13
luxury/20250815_083154_14.html,20250815 083154 14
luxury/20250815_083154_15.html,20250815 083154 15
luxury/20250815_083154_16.html,20250815 083154 16
luxury/20250815_083154_17.html,20250815 083154 17
luxury/20250815_083154_18.html,20250815 083154 18
luxury/20250815_083154_19.html,20250815 083154 19
luxury/20250815_083154_20.html,20250815 083154 20
luxury/20250823_045156_01.html,20250823 045156 01
luxury/20250823_045156_02.html,20250823 045156 02
luxury/20250823_045156_03.html,20250823 045156 03
luxury/20250823_045156_04.html,20250823 045156 04
luxury/20250823_045156_05.html,20250823 045156 05
luxury/20250823_045156_06.html,20250823 045156 06
luxury/20250823_045156_07.html,20250823 045156 07
luxury/20250823_045156_08.html,20250823 045156 08
luxury/20250823_045156_09.html,20250823 045156 09
luxury/20250823_045156_10.html,20250823 045156 10
luxury/20250823_045156_11.html,20250823 045156 11
luxury/20250823_045156_12.html,20250823 045156 12
luxury/20250823_045156_13.html,20250823 045156 13
luxury/20250823_045156_14.html,20250823 045156 14
luxury/20250823_045156_15.html,20250823 045156 15
luxury/20250823_045156_16.html,20250823 045156 16
luxury/20250823_045156_17.html,20250823 045156 17
luxury/20250823_045156_18.html,20250823 045156 18
luxury/20250823_045156_19.html,20250823 045156 19
luxury/20250823_045156_20.html,20250823 045156 20
luxury/20250904_140314_01.html,20250904 140314 01
luxury/20250904_140314_02.html,20250904 140314 02
luxury/20250904_140314_03.html,20250904 140314 03
luxury/20250904_140314_04.html,20250904 140314 04
luxury/20250904_140314_05.html,20250904 140314 05
luxury/20250904_140314_06.html,20250904 140314 06
luxury/20250904_140314_07.html,20250904 140314 07
luxury/20250904_140314_08.html,20250904 140314 08
luxury/20250904_140314_09.html,20250904 140314 09
luxury/20250904_140314_10.html,20250904 140314 10
luxury/20250904_140314_11.html,20250904 140314 11
luxury/20250904_140314_12.html,20250904 140314 12
luxury/20250904_140314_13.html,20250904 140314 13
luxury/20250904_140314_14.html,20250904 140314 14
luxury/20250904_140314_15.html,20250904 140314 15
luxury/20250904_140314_16.html,20250904 140314 16
luxury/20250904_140314_17.html,20250904 140314 17
luxury/20250904_140314_18.html,20250904 140314 18
luxury/20250904_140314_19.html,20250904 140314 19
luxury/20250904_140314_20.html,20250904 140314 20
luxury/20250910_163249_01.html,20250910 163249 01
luxury/20250910_163249_02.html,20250910 163249 02
luxury/20250910_163249_03.html,20250910 163249 03
luxury/20250910_163249_04.html,20250910 163249 04
luxury/20250910_163249_05.html,20250910 163249 05
luxury/20250910_163249_06.html,20250910 163249 06
luxury/20250910_163249_07.html,20250910 163249 07
luxury/20250910_163249_08.html,20250910 163249 08
luxury/20250910_163249_09.html,20250910 163249 09
luxury/20250910_163249_10.html,20250910 163249 10
luxury/20250910_163249_11.html,20250910 163249 11
luxury/20250910_163249_12.html,20250910 163249 12
luxury/20250910_163249_13.html,20250910 163249 13
luxury/20250910_163249_14.html,20250910 163249 14
luxury/20250910_163249_15.html,20250910 163249 15
luxury/20250910_163249_16.html,20250910 163249 16
luxury/20250910_163249_17.html,20250910 163249 17
luxury/20250910_163249_18.html,20250910 163249 18
luxury/20250910_163249_19.html,20250910 163249 19
luxury/20250910_163249_20.html,20250910 163249 20
luxury/20250916_181256_01.html,20250916 181256 01
luxury/20250916_181256_02.html,20250916 181256 02
luxury/20250916_181256_03.html,20250916 181256 03
luxury/20250916_181256_04.html,20250916 181256 04
luxury/20250916_181256_05.html,20250916 181256 05
luxury/20250916_181256_06.html,20250916 181256 06
luxury/20250916_181256_07.html,20250916 181256 07
luxury/20250916_181256_08.html,20250916 181256 08
luxury/20250916_181256_09.html,20250916 181256 09
luxury/20250916_181256_10.html,20250916 181256 10
luxury/20250916_181256_11.html,20250916 181256 11
luxury/20250916_181256_12.html,20250916 181256 12
luxury/20250916_181256_13.html,20250916 181256 13
luxury/20250916_181256_14.html,20250916 181256 14
luxury/20250916_181256_15.html,20250916 181256 15
luxury/20250916_181256_16.html,20250916 181256 16
luxury/20250916_181256_17.html,20250916 181256 17
luxury/20250916_181256_18.html,20250916 181256 18
luxury/20250916_181256_19.html,20250916 181256 19
luxury/20250916_181256_20.html,20250916 181256 20
luxury/page10.html,page10
luxury/page11.html,page11
luxury/page12.html,page12
luxury/page13.html,page13
luxury/page3.html,page3
luxury/page4.html,page4
luxury/page5.html,page5
luxury/page6.html,page6
luxury/page7.html,page7
luxury/page8.html,page8
luxury/page9.html,page9
mirror/20250805_073831_01.html,20250805 073831 01
mirror/20250805_073831_02.html,20250805 073831 02
mirror/20250805_073831_03.html,20250805 073831 03
mirror/20250805_073831_04.html,20250805 073831 04
mirror/20250805_073831_05.html,20250805 073831 05
mirror/20250805_073831_06.html,20250805 073831 06
mirror/20250805_073831_07.html,20250805 073831 07
mirror/20250805_073831_08.html,20250805 073831 08
mirror/20250805_073831_09.html,20250805 073831 09
mirror/20250805_073831_10.html,20250805 073831 10
mirror/20250805_073831_11.html,20250805 073831 11
mirror/20250805_073831_12.html,20250805 073831 12
mirror/20250805_073831_13.html,20250805 073831 13
mirror/20250805_073831_14.html,20250805 073831 14
mirror/20250805_073831_15.html,20250805 073831 15
mirror/20250805_073831_16.html,20250805 073831 16
mirror/20250805_073831_17.html,20250805 073831 17
mirror/20250805_073831_18.html,20250805 073831 18
mirror/20250805_073831_19.html,20250805 073831 19
mirror/20250805_073831_20.html,20250805 073831 20
mirror/20250806_082343_01.html,20250806 082343 01
mirror/20250806_082343_02.html,20250806 082343 02
mirror/20250806_082343_03.html,20250806 082343 03
mirror/20250806_082343_04.html,20250806 082343 04
mirror/20250806_082343_05.html,20250806 082343 05
mirror/20250806_082343_06.html,20250806 082343 06
mirror/20250806_082343_07.html,20250806 082343 07
mirror/20250806_082343_08.html,20250806 082343 08
mirror/20250806_082343_09.html,20250806 082343 09
mirror/20250806_082343_10.html,20250806 082343 10
mirror/20250806_082343_11.html,20250806 082343 11
mirror/20250806_082343_12.html,20250806 082343 12
mirror/20250806_082343_13.html,20250806 082343 13
mirror/20250806_082343_14.html,20250806 082343 14
mirror/20250806_082343_15.html,20250806 082343 15
mirror/20250806_082343_16.html,20250806 082343 16
mirror/20250806_082343_17.html,20250806 082343 17
mirror/20250806_082343_18.html,20250806 082343 18
mirror/20250806_082343_19.html,20250806 082343 19
mirror/20250806_082343_20.html,20250806 082343 20
mirror/20250806_102203_01.html,20250806 102203 01
mirror/20250806_102203_02.html,20250806 102203 02
mirror/20250806_102203_03.html,20250806 102203 03
mirror/20250806_102203_04.html,20250806 102203 04
mirror/20250806_102203_05.html,20250806 102203 05
mirror/20250806_102203_06.html,20250806 102203 06
mirror/20250806_102203_07.html,20250806 102203 07
mirror/20250806_102203_08.html,20250806 102203 08
mirror/20250806_102203_09.html,20250806 102203 09
mirror/20250806_102203_10.html,20250806 102203 10
mirror/20250806_102203_11.html,20250806 102203 11
mirror/20250806_102203_12.html,20250806 102203 12
mirror/20250806_102203_13.html,20250806 102203 13
mirror/20250806_102203_14.html,20250806 102203 14
mirror/20250806_102203_15.html,20250806 102203 15
mirror/20250806_102203_16.html,20250806 102203 16
mirror/20250806_102203_17.html,20250806 102203 17
mirror/20250806_102203_18.html,20250806 102203 18
mirror/20250806_102203_19.html,20250806 102203 19
mirror/20250806_102203_20.html,20250806 102203 20
mirror/20250806_125511_01.html,20250806 125511 01
mirror/20250806_125511_02.html,20250806 125511 02
mirror/20250806_125511_03.html,20250806 125511 03
mirror/20250806_125511_04.html,20250806 125511 04
mirror/20250806_125511_05.html,20250806 125511 05
mirror/20250806_125511_06.html,20250806 125511 06
mirror/20250806_125511_07.html,20250806 125511 07
mirror/20250806_125511_08.html,20250806 125511 08
mirror/20250806_125511_09.html,20250806 125511 09
mirror/20250806_125511_10.html,20250806 125511 10
mirror/20250806_125511_11.html,20250806 125511 11
mirror/20250806_125511_12.html,20250806 125511 12
mirror/20250806_125511_13.html,20250806 125511 13
mirror/20250806_125511_14.html,20250806 125511 14
mirror/20250806_125511_15.html,20250806 125511 15
mirror/20250806_125511_16.html,20250806 125511 16
mirror/20250806_125511_17.html,20250806 125511 17
mirror/20250806_125511_18.html,20250806 125511 18
mirror/20250806_125511_19.html,20250806 125511 19
mirror/20250806_125511_20.html,20250806 125511 20
mirror/20250807_182559_01.html,20250807 182559 01
mirror/20250807_182559_02.html,20250807 182559 02
mirror/20250807_182559_03.html,20250807 182559 03
mirror/20250807_182559_04.html,20250807 182559 04
mirror/20250807_182559_05.html,20250807 182559 05
mirror/20250807_182559_06.html,20250807 182559 06
mirror/20250807_182559_07.html,20250807 182559 07
mirror/20250807_182559_08.html,20250807 182559 08
mirror/20250807_182559_09.html,20250807 182559 09
mirror/20250807_182559_10.html,20250807 182559 10
mirror/20250807_182559_11.html,20250807 182559 11
mirror/20250807_182559_12.html,20250807 182559 12
mirror/20250807_182559_13.html,20250807 182559 13
mirror/20250807_182559_14.html,20250807 182559 14
mirror/20250807_182559_15.html,20250807 182559 15
mirror/20250807_182559_16.html,20250807 182559 16
mirror/20250807_182559_17.html,20250807 182559 17
mirror/20250807_182559_18.html,20250807 182559 18
mirror/20250807_182559_19.html,20250807 182559 19
mirror/20250807_182559_20.html,20250807 182559 20
mirror/20250809_025145_01.html,20250809 025145 01
mirror/20250809_025145_02.html,20250809 025145 02
mirror/20250809_025145_03.html,20250809 025145 03
mirror/20250809_025145_04.html,20250809 025145 04
mirror/20250809_025145_05.html,20250809 025145 05
mirror/20250809_025145_06.html,20250809 025145 06
mirror/20250809_025145_07.html,20250809 025145 07
mirror/20250809_025145_08.html,20250809 025145 08
mirror/20250809_025145_09.html,20250809 025145 09
mirror/20250809_025145_10.html,20250809 025145 10
mirror/20250809_025145_11.html,20250809 025145 11
mirror/20250809_025145_12.html,20250809 025145 12
mirror/20250809_025145_13.html,20250809 025145 13
mirror/20250809_025145_14.html,20250809 025145 14
mirror/20250809_025145_15.html,20250809 025145 15
mirror/20250809_025145_16.html,20250809 025145 16
mirror/20250809_025145_17.html,20250809 025145 17
mirror/20250809_025145_18.html,20250809 025145 18
mirror/20250809_025145_19.html,20250809 025145 19
mirror/20250809_025145_20.html,20250809 025145 20
mirror/20250812_000125_01.html,20250812 000125 01
mirror/20250812_000125_02.html,20250812 000125 02
mirror/20250812_000125_03.html,20250812 000125 03
mirror/20250812_000125_04.html,20250812 000125 04
mirror/20250812_000125_05.html,20250812 000125 05
mirror/20250812_000125_06.html,20250812 000125 06
mirror/20250812_000125_07.html,20250812 000125 07
mirror/20250812_000125_08.html,20250812 000125 08
mirror/20250812_000125_09.html,20250812 000125 09
mirror/20250812_000125_10.html,20250812 000125 10
mirror/20250812_000125_11.html,20250812 000125 11
mirror/20250812_000125_12.html,20250812 000125 12
mirror/20250812_000125_13.html,20250812 000125 13
mirror/20250812_000125_14.html,20250812 000125 14
mirror/20250812_000125_15.html,20250812 000125 15
mirror/20250812_000125_16.html,20250812 000125 16
mirror/20250812_000125_17.html,20250812 000125 17
mirror/20250812_000125_18.html,20250812 000125 18
mirror/20250812_000125_19.html,20250812 000125 19
mirror/20250812_000125_20.html,20250812 000125 20
mirror/20250814_191322_01.html,20250814 191322 01
mirror/20250814_191322_02.html,20250814 191322 02
mirror/20250814_191322_03.html,20250814 191322 03
mirror/20250814_191322_04.html,20250814 191322 04
mirror/20250814_191322_05.html,20250814 191322 05
mirror/20250814_191322_06.html,20250814 191322 06
mirror/20250814_191322_07.html,20250814 191322 07
mirror/20250814_191322_08.html,20250814 191322 08
mirror/20250814_191322_09.html,20250814 191322 09
mirror/20250814_191322_10.html,20250814 191322 10
mirror/20250814_191322_11.html,20250814 191322 11
mirror/20250814_191322_12.html,20250814 191322 12
mirror/20250814_191322_13.html,20250814 191322 13
mirror/20250814_191322_14.html,20250814 191322 14
mirror/20250814_191322_15.html,20250814 191322 15
mirror/20250814_191322_16.html,20250814 191322 16
mirror/20250814_191322_17.html,20250814 191322 17
mirror/20250814_191322_18.html,20250814 191322 18
mirror/20250814_191322_19.html,20250814 191322 19
mirror/20250814_191322_20.html,20250814 191322 20
mirror/20250815_083339_01.html,20250815 083339 01
mirror/20250815_083339_02.html,20250815 083339 02
mirror/20250815_083339_03.html,20250815 083339 03
mirror/20250815_083339_04.html,20250815 083339 04
mirror/20250815_083339_05.html,20250815 083339 05
mirror/20250815_083339_06.html,20250815 083339 06
mirror/20250815_083339_07.html,20250815 083339 07
mirror/20250815_083339_08.html,20250815 083339 08
mirror/20250815_083339_09.html,20250815 083339 09
mirror/20250815_083339_10.html,20250815 083339 10
mirror/20250815_083339_11.html,20250815 083339 11
mirror/20250815_083339_12.html,20250815 083339 12
mirror/20250815_083339_13.html,20250815 083339 13
mirror/20250815_083339_14.html,20250815 083339 14
mirror/20250815_083339_15.html,20250815 083339 15
mirror/20250815_083339_16.html,20250815 083339 16
mirror/20250815_083339_17.html,20250815 083339 17
mirror/20250815_083339_18.html,20250815 083339 18
mirror/20250815_083339_19.html,20250815 083339 19
mirror/20250815_083339_20.html,20250815 083339 20
mirror/20250823_045340_01.html,20250823 045340 01
mirror/20250823_045340_02.html,20250823 045340 02
mirror/20250823_045340_03.html,20250823 045340 03
mirror/20250823_045340_04.html,20250823 045340 04
mirror/20250823_045340_05.html,20250823 045340 05
mirror/20250823_045340_06.html,20250823 045340 06
mirror/20250823_045340_07.html,20250823 045340 07
mirror/20250823_045340_08.html,20250823 045340 08
mirror/20250823_045340_09.html,20250823 045340 09
mirror/20250823_045340_10.html,20250823 045340 10
mirror/20250823_045340_11.html,20250823 045340 11
mirror/20250823_045340_12.html,20250823 045340 12
mirror/20250823_045340_13.html,20250823 045340 13
mirror/20250823_045340_14.html,20250823 045340 14
mirror/20250823_045340_15.html,20250823 045340 15
mirror/20250823_045340_16.html,20250823 045340 16
mirror/20250823_045340_17.html,20250823 045340 17
mirror/20250823_045340_18.html,20250823 045340 18
mirror/20250823_045340_19.html,20250823 045340 19
mirror/20250823_045340_20.html,20250823 045340 20
mirror/20250904_140444_01.html,20250904 140444 01
mirror/20250904_140444_02.html,20250904 140444 02
mirror/20250904_140444_03.html,20250904 140444 03
mirror/20250904_140444_04.html,20250904 140444 04
mirror/20250904_140444_05.html,20250904 140444 05
mirror/20250904_140444_06.html,20250904 140444 06
mirror/20250904_140444_07.html,20250904 140444 07
mirror/20250904_140444_08.html,20250904 140444 08
mirror/20250904_140444_09.html,20250904 140444 09
mirror/20250904_140444_10.html,20250904 140444 10
mirror/20250904_140444_11.html,20250904 140444 11
mirror/20250904_140444_12.html,20250904 140444 12
mirror/20250904_140444_13.html,20250904 140444 13
mirror/20250904_140444_14.html,20250904 140444 14
mirror/20250904_140444_15.html,20250904 140444 15
mirror/20250904_140444_16.html,20250904 140444 16
mirror/20250904_140444_17.html,20250904 140444 17
mirror/20250904_140444_18.html,20250904 140444 18
mirror/20250904_140444_19.html,20250904 140444 19
mirror/20250904_140444_20.html,20250904 140444 20
mirror/20250910_163420_01.html,20250910 163420 01
mirror/20250910_163420_02.html,20250910 163420 02
mirror/20250910_163420_03.html,20250910 163420 03
mirror/20250910_163420_04.html,20250910 163420 04
mirror/20250910_163420_05.html,20250910 163420 05
mirror/20250910_163420_06.html,20250910 163420 06
mirror/20250910_163420_07.html,20250910 163420 07
mirror/20250910_163420_08.html,20250910 163420 08
mirror/20250910_163420_09.html,20250910 163420 09
mirror/20250910_163420_10.html,20250910 163420 10
mirror/20250910_163420_11.html,20250910 163420 11
mirror/20250910_163420_12.html,20250910 163420 12
mirror/20250910_163420_13.html,20250910 163420 13
mirror/20250910_163420_14.html,20250910 163420 14
mirror/20250910_163420_15.html,20250910 163420 15
mirror/20250910_163420_16.html,20250910 163420 16
mirror/20250910_163420_17.html,20250910 163420 17
mirror/20250910_163420_18.html,20250910 163420 18
mirror/20250910_163420_19.html,20250910 163420 19
mirror/20250910_163420_20.html,20250910 163420 20
mirror/20250916_181435_01.html,20250916 181435 01
mirror/20250916_181435_02.html,20250916 181435 02
mirror/20250916_181435_03.html,20250916 181435 03
mirror/20250916_181435_04.html,20250916 181435 04
mirror/20250916_181435_05.html,20250916 181435 05
mirror/20250916_181435_06.html,20250916 181435 06
mirror/20250916_181435_07.html,20250916 181435 07
mirror/20250916_181435_08.html,20250916 181435 08
mirror/20250916_181435_09.html,20250916 181435 09
mirror/20250916_181435_10.html,20250916 181435 10
mirror/20250916_181435_11.html,20250916 181435 11
mirror/20250916_181435_12.html,20250916 181435 12
mirror/20250916_181435_13.html,20250916 181435 13
mirror/20250916_181435_14.html,20250916 181435 14
mirror/20250916_181435_15.html,20250916 181435 15
mirror/20250916_181435_16.html,20250916 181435 16
mirror/20250916_181435_17.html,20250916 181435 17
mirror/20250916_181435_18.html,20250916 181435 18
mirror/20250916_181435_19.html,20250916 181435 19
mirror/20250916_181435_20.html,20250916 181435 20
mirror/page10.html,page10
mirror/page11.html,page11
mirror/page12.html,page12
mirror/page13.html,page13
mirror/page3.html,page3
mirror/page4.html,page4
mirror/page5.html,page5
mirror/page6.html,page6
mirror/page7.html,page7
mirror/page8.html,page8
mirror/page9.html,page9
office/20250805_074015_01.html,20250805 074015 01
office/20250805_074015_02.html,20250805 074015 02
office/20250805_074015_03.html,20250805 074015 03
office/20250805_074015_04.html,20250805 074015 04
office/20250805_074015_05.html,20250805 074015 05
office/20250805_074015_06.html,20250805 074015 06
office/20250805_074015_07.html,20250805 074015 07
office/20250805_074015_08.html,20250805 074015 08
office/20250805_074015_09.html,20250805 074015 09
office/20250805_074015_10.html,20250805 074015 10
office/20250805_074015_11.html,20250805 074015 11
office/20250805_074015_12.html,20250805 074015 12
office/20250805_074015_13.html,20250805 074015 13
office/20250805_074015_14.html,20250805 074015 14
office/20250805_074015_15.html,20250805 074015 15
office/20250805_074015_16.html,20250805 074015 16
office/20250805_074015_17.html,20250805 074015 17
office/20250805_074015_18.html,20250805 074015 18
office/20250805_074015_19.html,20250805 074015 19
office/20250805_074015_20.html,20250805 074015 20
office/20250806_082529_01.html,20250806 082529 01
office/20250806_082529_02.html,20250806 082529 02
office/20250806_082529_03.html,20250806 082529 03
office/20250806_082529_04.html,20250806 082529 04
office/20250806_082529_05.html,20250806 082529 05
office/20250806_082529_06.html,20250806 082529 06
office/20250806_082529_07.html,20250806 082529 07
office/20250806_082529_08.html,20250806 082529 08
office/20250806_082529_09.html,20250806 082529 09
office/20250806_082529_10.html,20250806 082529 10
office/20250806_082529_11.html,20250806 082529 11
office/20250806_082529_12.html,20250806 082529 12
office/20250806_082529_13.html,20250806 082529 13
office/20250806_082529_14.html,20250806 082529 14
office/20250806_082529_15.html,20250806 082529 15
office/20250806_082529_16.html,20250806 082529 16
office/20250806_082529_17.html,20250806 082529 17
office/20250806_082529_18.html,20250806 082529 18
office/20250806_082529_19.html,20250806 082529 19
office/20250806_082529_20.html,20250806 082529 20
office/20250806_102349_01.html,20250806 102349 01
office/20250806_102349_02.html,20250806 102349 02
office/20250806_102349_03.html,20250806 102349 03
office/20250806_102349_04.html,20250806 102349 04
office/20250806_102349_05.html,20250806 102349 05
office/20250806_102349_06.html,20250806 102349 06
office/20250806_102349_07.html,20250806 102349 07
office/20250806_102349_08.html,20250806 102349 08
office/20250806_102349_09.html,20250806 102349 09
office/20250806_102349_10.html,20250806 102349 10
office/20250806_102349_11.html,20250806 102349 11
office/20250806_102349_12.html,20250806 102349 12
office/20250806_102349_13.html,20250806 102349 13
office/20250806_102349_14.html,20250806 102349 14
office/20250806_102349_15.html,20250806 102349 15
office/20250806_102349_16.html,20250806 102349 16
office/20250806_102349_17.html,20250806 102349 17
office/20250806_102349_18.html,20250806 102349 18
office/20250806_102349_19.html,20250806 102349 19
office/20250806_102349_20.html,20250806 102349 20
office/20250806_125658_01.html,20250806 125658 01
office/20250806_125658_02.html,20250806 125658 02
office/20250806_125658_03.html,20250806 125658 03
office/20250806_125658_04.html,20250806 125658 04
office/20250806_125658_05.html,20250806 125658 05
office/20250806_125658_06.html,20250806 125658 06
office/20250806_125658_07.html,20250806 125658 07
office/20250806_125658_08.html,20250806 125658 08
office/20250806_125658_09.html,20250806 125658 09
office/20250806_125658_10.html,20250806 125658 10
office/20250806_125658_11.html,20250806 125658 11
office/20250806_125658_12.html,20250806 125658 12
office/20250806_125658_13.html,20250806 125658 13
office/20250806_125658_14.html,20250806 125658 14
office/20250806_125658_15.html,20250806 125658 15
office/20250806_125658_16.html,20250806 125658 16
office/20250806_125658_17.html,20250806 125658 17
office/20250806_125658_18.html,20250806 125658 18
office/20250806_125658_19.html,20250806 125658 19
office/20250806_125658_20.html,20250806 125658 20
office/20250807_182745_01.html,20250807 182745 01
office/20250807_182745_02.html,20250807 182745 02
office/20250807_182745_03.html,20250807 182745 03
office/20250807_182745_04.html,20250807 182745 04
office/20250807_182745_05.html,20250807 182745 05
office/20250807_182745_06.html,20250807 182745 06
office/20250807_182745_07.html,20250807 182745 07
office/20250807_182745_08.html,20250807 182745 08
office/20250807_182745_09.html,20250807 182745 09
office/20250807_182745_10.html,20250807 182745 10
office/20250807_182745_11.html,20250807 182745 11
office/20250807_182745_12.html,20250807 182745 12
office/20250807_182745_13.html,20250807 182745 13
office/20250807_182745_14.html,20250807 182745 14
office/20250807_182745_15.html,20250807 182745 15
office/20250807_182745_16.html,20250807 182745 16
office/20250807_182745_17.html,20250807 182745 17
office/20250807_182745_18.html,20250807 182745 18
office/20250807_182745_19.html,20250807 182745 19
office/20250807_182745_20.html,20250807 182745 20
office/20250809_025331_01.html,20250809 025331 01
office/20250809_025331_02.html,20250809 025331 02
office/20250809_025331_03.html,20250809 025331 03
office/20250809_025331_04.html,20250809 025331 04
office/20250809_025331_05.html,20250809 025331 05
office/20250809_025331_06.html,20250809 025331 06
office/20250809_025331_07.html,20250809 025331 07
office/20250809_025331_08.html,20250809 025331 08
office/20250809_025331_09.html,20250809 025331 09
office/20250809_025331_10.html,20250809 025331 10
office/20250809_025331_11.html,20250809 025331 11
office/20250809_025331_12.html,20250809 025331 12
office/20250809_025331_13.html,20250809 025331 13
office/20250809_025331_14.html,20250809 025331 14
office/20250809_025331_15.html,20250809 025331 15
office/20250809_025331_16.html,20250809 025331 16
office/20250809_025331_17.html,20250809 025331 17
office/20250809_025331_18.html,20250809 025331 18
office/20250809_025331_19.html,20250809 025331 19
office/20250809_025331_20.html,20250809 025331 20
office/20250812_000311_01.html,20250812 000311 01
office/20250812_000311_02.html,20250812 000311 02
office/20250812_000311_03.html,20250812 000311 03
office/20250812_000311_04.html,20250812 000311 04
office/20250812_000311_05.html,20250812 000311 05
office/20250812_000311_06.html,20250812 000311 06
office/20250812_000311_07.html,20250812 000311 07
office/20250812_000311_08.html,20250812 000311 08
office/20250812_000311_09.html,20250812 000311 09
office/20250812_000311_10.html,20250812 000311 10
office/20250812_000311_11.html,20250812 000311 11
office/20250812_000311_12.html,20250812 000311 12
office/20250812_000311_13.html,20250812 000311 13
office/20250812_000311_14.html,20250812 000311 14
office/20250812_000311_15.html,20250812 000311 15
office/20250812_000311_16.html,20250812 000311 16
office/20250812_000311_17.html,20250812 000311 17
office/20250812_000311_18.html,20250812 000311 18
office/20250812_000311_19.html,20250812 000311 19
office/20250812_000311_20.html,20250812 000311 20
office/20250814_191508_01.html,20250814 191508 01
office/20250814_191508_02.html,20250814 191508 02
office/20250814_191508_03.html,20250814 191508 03
office/20250814_191508_04.html,20250814 191508 04
office/20250814_191508_05.html,20250814 191508 05
office/20250814_191508_06.html,20250814 191508 06
office/20250814_191508_07.html,20250814 191508 07
office/20250814_191508_08.html,20250814 191508 08
office/20250814_191508_09.html,20250814 191508 09
office/20250814_191508_10.html,20250814 191508 10
office/20250814_191508_11.html,20250814 191508 11
office/20250814_191508_12.html,20250814 191508 12
office/20250814_191508_13.html,20250814 191508 13
office/20250814_191508_14.html,20250814 191508 14
office/20250814_191508_15.html,20250814 191508 15
office/20250814_191508_16.html,20250814 191508 16
office/20250814_191508_17.html,20250814 191508 17
office/20250814_191508_18.html,20250814 191508 18
office/20250814_191508_19.html,20250814 191508 19
office/20250814_191508_20.html,20250814 191508 20
office/20250815_083524_01.html,20250815 083524 01
office/20250815_083524_02.html,20250815 083524 02
office/20250815_083524_03.html,20250815 083524 03
office/20250815_083524_04.html,20250815 083524 04
office/20250815_083524_05.html,20250815 083524 05
office/20250815_083524_06.html,20250815 083524 06
office/20250815_083524_07.html,20250815 083524 07
office/20250815_083524_08.html,20250815 083524 08
office/20250815_083524_09.html,20250815 083524 09
office/20250815_083524_10.html,20250815 083524 10
office/20250815_083524_11.html,20250815 083524 11
office/20250815_083524_12.html,20250815 083524 12
office/20250815_083524_13.html,20250815 083524 13
office/20250815_083524_14.html,20250815 083524 14
office/20250815_083524_15.html,20250815 083524 15
office/20250815_083524_16.html,20250815 083524 16
office/20250815_083524_17.html,20250815 083524 17
office/20250815_083524_18.html,20250815 083524 18
office/20250815_083524_19.html,20250815 083524 19
office/20250815_083524_20.html,20250815 083524 20
office/20250823_045526_01.html,20250823 045526 01
office/20250823_045526_02.html,20250823 045526 02
office/20250823_045526_03.html,20250823 045526 03
office/20250823_045526_04.html,20250823 045526 04
office/20250823_045526_05.html,20250823 045526 05
office/20250823_045526_06.html,20250823 045526 06
office/20250823_045526_07.html,20250823 045526 07
office/20250823_045526_08.html,20250823 045526 08
office/20250823_045526_09.html,20250823 045526 09
office/20250823_045526_10.html,20250823 045526 10
office/20250823_045526_11.html,20250823 045526 11
office/20250823_045526_12.html,20250823 045526 12
office/20250823_045526_13.html,20250823 045526 13
office/20250823_045526_14.html,20250823 045526 14
office/20250823_045526_15.html,20250823 045526 15
office/20250823_045526_16.html,20250823 045526 16
office/20250823_045526_17.html,20250823 045526 17
office/20250823_045526_18.html,20250823 045526 18
office/20250823_045526_19.html,20250823 045526 19
office/20250823_045526_20.html,20250823 045526 20
office/20250904_140615_01.html,20250904 140615 01
office/20250904_140615_02.html,20250904 140615 02
office/20250904_140615_03.html,20250904 140615 03
office/20250904_140615_04.html,20250904 140615 04
office/20250904_140615_05.html,20250904 140615 05
office/20250904_140615_06.html,20250904 140615 06
office/20250904_140615_07.html,20250904 140615 07
office/20250904_140615_08.html,20250904 140615 08
office/20250904_140615_09.html,20250904 140615 09
office/20250904_140615_10.html,20250904 140615 10
office/20250904_140615_11.html,20250904 140615 11
office/20250904_140615_12.html,20250904 140615 12
office/20250904_140615_13.html,20250904 140615 13
office/20250904_140615_14.html,20250904 140615 14
office/20250904_140615_15.html,20250904 140615 15
office/20250904_140615_16.html,20250904 140615 16
office/20250904_140615_17.html,20250904 140615 17
office/20250904_140615_18.html,20250904 140615 18
office/20250904_140615_19.html,20250904 140615 19
office/20250904_140615_20.html,20250904 140615 20
office/20250910_163551_01.html,20250910 163551 01
office/20250910_163551_02.html,20250910 163551 02
office/20250910_163551_03.html,20250910 163551 03
office/20250910_163551_04.html,20250910 163551 04
office/20250910_163551_05.html,20250910 163551 05
office/20250910_163551_06.html,20250910 163551 06
office/20250910_163551_07.html,20250910 163551 07
office/20250910_163551_08.html,20250910 163551 08
office/20250910_163551_09.html,20250910 163551 09
office/20250910_163551_10.html,20250910 163551 10
office/20250910_163551_11.html,20250910 163551 11
office/20250910_163551_12.html,20250910 163551 12
office/20250910_163551_13.html,20250910 163551 13
office/20250910_163551_14.html,20250910 163551 14
office/20250910_163551_15.html,20250910 163551 15
office/20250910_163551_16.html,20250910 163551 16
office/20250910_163551_17.html,20250910 163551 17
office/20250910_163551_18.html,20250910 163551 18
office/20250910_163551_19.html,20250910 163551 19
office/20250910_163551_20.html,20250910 163551 20
office/20250916_181613_01.html,20250916 181613 01
office/20250916_181613_02.html,20250916 181613 02
office/20250916_181613_03.html,20250916 181613 03
office/20250916_181613_04.html,20250916 181613 04
office/20250916_181613_05.html,20250916 181613 05
office/20250916_181613_06.html,20250916 181613 06
office/20250916_181613_07.html,20250916 181613 07
office/20250916_181613_08.html,20250916 181613 08
office/20250916_181613_09.html,20250916 181613 09
office/20250916_181613_10.html,20250916 181613 10
office/20250916_181613_11.html,20250916 181613 11
office/20250916_181613_12.html,20250916 181613 12
office/20250916_181613_13.html,20250916 181613 13
office/20250916_181613_14.html,20250916 181613 14
office/20250916_181613_15.html,20250916 181613 15
office/20250916_181613_16.html,20250916 181613 16
office/20250916_181613_17.html,20250916 181613 17
office/20250916_181613_18.html,20250916 181613 18
office/20250916_181613_19.html,20250916 181613 19
office/20250916_181613_20.html,20250916 181613 20
office/page10.html,page10
office/page11.html,page11
office/page12.html,page12
office/page13.html,page13
office/page2.html,page2
office/page3.html,page3
office/page4.html,page4
office/page5.html,page5
office/page6.html,page6
office/page7.html,page7
office/page8.html,page8
office/page9.html,page9
redroom/20250805_074158_01.html,20250805 074158 01
redroom/20250805_074158_02.html,20250805 074158 02
redroom/20250805_074158_03.html,20250805 074158 03
redroom/20250805_074158_04.html,20250805 074158 04
redroom/20250805_074158_05.html,20250805 074158 05
redroom/20250805_074158_06.html,20250805 074158 06
redroom/20250805_074158_07.html,20250805 074158 07
redroom/20250805_074158_08.html,20250805 074158 08
redroom/20250805_074158_09.html,20250805 074158 09
redroom/20250805_074158_10.html,20250805 074158 10
redroom/20250805_074158_11.html,20250805 074158 11
redroom/20250805_074158_12.html,20250805 074158 12
redroom/20250805_074158_13.html,20250805 074158 13
redroom/20250805_074158_14.html,20250805 074158 14
redroom/20250805_074158_15.html,20250805 074158 15
redroom/20250805_074158_16.html,20250805 074158 16
redroom/20250805_074158_17.html,20250805 074158 17
redroom/20250805_074158_18.html,20250805 074158 18
redroom/20250805_074158_19.html,20250805 074158 19
redroom/20250805_074158_20.html,20250805 074158 20
redroom/20250806_082714_01.html,20250806 082714 01
redroom/20250806_082714_02.html,20250806 082714 02
redroom/20250806_082714_03.html,20250806 082714 03
redroom/20250806_082714_04.html,20250806 082714 04
redroom/20250806_082714_05.html,20250806 082714 05
redroom/20250806_082714_06.html,20250806 082714 06
redroom/20250806_082714_07.html,20250806 082714 07
redroom/20250806_082714_08.html,20250806 082714 08
redroom/20250806_082714_09.html,20250806 082714 09
redroom/20250806_082714_10.html,20250806 082714 10
redroom/20250806_082714_11.html,20250806 082714 11
redroom/20250806_082714_12.html,20250806 082714 12
redroom/20250806_082714_13.html,20250806 082714 13
redroom/20250806_082714_14.html,20250806 082714 14
redroom/20250806_082714_15.html,20250806 082714 15
redroom/20250806_082714_16.html,20250806 082714 16
redroom/20250806_082714_17.html,20250806 082714 17
redroom/20250806_082714_18.html,20250806 082714 18
redroom/20250806_082714_19.html,20250806 082714 19
redroom/20250806_082714_20.html,20250806 082714 20
redroom/20250806_102535_01.html,20250806 102535 01
redroom/20250806_102535_02.html,20250806 102535 02
redroom/20250806_102535_03.html,20250806 102535 03
redroom/20250806_102535_04.html,20250806 102535 04
redroom/20250806_102535_05.html,20250806 102535 05
redroom/20250806_102535_06.html,20250806 102535 06
redroom/20250806_102535_07.html,20250806 102535 07
redroom/20250806_102535_08.html,20250806 102535 08
redroom/20250806_102535_09.html,20250806 102535 09
redroom/20250806_102535_10.html,20250806 102535 10
redroom/20250806_102535_11.html,20250806 102535 11
redroom/20250806_102535_12.html,20250806 102535 12
redroom/20250806_102535_13.html,20250806 102535 13
redroom/20250806_102535_14.html,20250806 102535 14
redroom/20250806_102535_15.html,20250806 102535 15
redroom/20250806_102535_16.html,20250806 102535 16
redroom/20250806_102535_17.html,20250806 102535 17
redroom/20250806_102535_18.html,20250806 102535 18
redroom/20250806_102535_19.html,20250806 102535 19
redroom/20250806_102535_20.html,20250806 102535 20
redroom/20250806_125843_01.html,20250806 125843 01
redroom/20250806_125843_02.html,20250806 125843 02
redroom/20250806_125843_03.html,20250806 125843 03
redroom/20250806_125843_04.html,20250806 125843 04
redroom/20250806_125843_05.html,20250806 125843 05
redroom/20250806_125843_06.html,20250806 125843 06
redroom/20250806_125843_07.html,20250806 125843 07
redroom/20250806_125843_08.html,20250806 125843 08
redroom/20250806_125843_09.html,20250806 125843 09
redroom/20250806_125843_10.html,20250806 125843 10
redroom/20250806_125843_11.html,20250806 125843 11
redroom/20250806_125843_12.html,20250806 125843 12
redroom/20250806_125843_13.html,20250806 125843 13
redroom/20250806_125843_14.html,20250806 125843 14
redroom/20250806_125843_15.html,20250806 125843 15
redroom/20250806_125843_16.html,20250806 125843 16
redroom/20250806_125843_17.html,20250806 125843 17
redroom/20250806_125843_18.html,20250806 125843 18
redroom/20250806_125843_19.html,20250806 125843 19
redroom/20250806_125843_20.html,20250806 125843 20
redroom/20250807_182931_01.html,20250807 182931 01
redroom/20250807_182931_02.html,20250807 182931 02
redroom/20250807_182931_03.html,20250807 182931 03
redroom/20250807_182931_04.html,20250807 182931 04
redroom/20250807_182931_05.html,20250807 182931 05
redroom/20250807_182931_06.html,20250807 182931 06
redroom/20250807_182931_07.html,20250807 182931 07
redroom/20250807_182931_08.html,20250807 182931 08
redroom/20250807_182931_09.html,20250807 182931 09
redroom/20250807_182931_10.html,20250807 182931 10
redroom/20250807_182931_11.html,20250807 182931 11
redroom/20250807_182931_12.html,20250807 182931 12
redroom/20250807_182931_13.html,20250807 182931 13
redroom/20250807_182931_14.html,20250807 182931 14
redroom/20250807_182931_15.html,20250807 182931 15
redroom/20250807_182931_16.html,20250807 182931 16
redroom/20250807_182931_17.html,20250807 182931 17
redroom/20250807_182931_18.html,20250807 182931 18
redroom/20250807_182931_19.html,20250807 182931 19
redroom/20250807_182931_20.html,20250807 182931 20
redroom/20250809_025516_01.html,20250809 025516 01
redroom/20250809_025516_02.html,20250809 025516 02
redroom/20250809_025516_03.html,20250809 025516 03
redroom/20250809_025516_04.html,20250809 025516 04
redroom/20250809_025516_05.html,20250809 025516 05
redroom/20250809_025516_06.html,20250809 025516 06
redroom/20250809_025516_07.html,20250809 025516 07
redroom/20250809_025516_08.html,20250809 025516 08
redroom/20250809_025516_09.html,20250809 025516 09
redroom/20250809_025516_10.html,20250809 025516 10
redroom/20250809_025516_11.html,20250809 025516 11
redroom/20250809_025516_12.html,20250809 025516 12
redroom/20250809_025516_13.html,20250809 025516 13
redroom/20250809_025516_14.html,20250809 025516 14
redroom/20250809_025516_15.html,20250809 025516 15
redroom/20250809_025516_16.html,20250809 025516 16
redroom/20250809_025516_17.html,20250809 025516 17
redroom/20250809_025516_18.html,20250809 025516 18
redroom/20250809_025516_19.html,20250809 025516 19
redroom/20250809_025516_20.html,20250809 025516 20
redroom/20250812_000458_01.html,20250812 000458 01
redroom/20250812_000458_02.html,20250812 000458 02
redroom/20250812_000458_03.html,20250812 000458 03
redroom/20250812_000458_04.html,20250812 000458 04
redroom/20250812_000458_05.html,20250812 000458 05
redroom/20250812_000458_06.html,20250812 000458 06
redroom/20250812_000458_07.html,20250812 000458 07
redroom/20250812_000458_08.html,20250812 000458 08
redroom/20250812_000458_09.html,20250812 000458 09
redroom/20250812_000458_10.html,20250812 000458 10
redroom/20250812_000458_11.html,20250812 000458 11
redroom/20250812_000458_12.html,20250812 000458 12
redroom/20250812_000458_13.html,20250812 000458 13
redroom/20250812_000458_14.html,20250812 000458 14
redroom/20250812_000458_15.html,20250812 000458 15
redroom/20250812_000458_16.html,20250812 000458 16
redroom/20250812_000458_17.html,20250812 000458 17
redroom/20250812_000458_18.html,20250812 000458 18
redroom/20250812_000458_19.html,20250812 000458 19
redroom/20250812_000458_20.html,20250812 000458 20
redroom/20250814_191654_01.html,20250814 191654 01
redroom/20250814_191654_02.html,20250814 191654 02
redroom/20250814_191654_03.html,20250814 191654 03
redroom/20250814_191654_04.html,20250814 191654 04
redroom/20250814_191654_05.html,20250814 191654 05
redroom/20250814_191654_06.html,20250814 191654 06
redroom/20250814_191654_07.html,20250814 191654 07
redroom/20250814_191654_08.html,20250814 191654 08
redroom/20250814_191654_09.html,20250814 191654 09
redroom/20250814_191654_10.html,20250814 191654 10
redroom/20250814_191654_11.html,20250814 191654 11
redroom/20250814_191654_12.html,20250814 191654 12
redroom/20250814_191654_13.html,20250814 191654 13
redroom/20250814_191654_14.html,20250814 191654 14
redroom/20250814_191654_15.html,20250814 191654 15
redroom/20250814_191654_16.html,20250814 191654 16
redroom/20250814_191654_17.html,20250814 191654 17
redroom/20250814_191654_18.html,20250814 191654 18
redroom/20250814_191654_19.html,20250814 191654 19
redroom/20250814_191654_20.html,20250814 191654 20
redroom/20250815_083709_01.html,20250815 083709 01
redroom/20250815_083709_02.html,20250815 083709 02
redroom/20250815_083709_03.html,20250815 083709 03
redroom/20250815_083709_04.html,20250815 083709 04
redroom/20250815_083709_05.html,20250815 083709 05
redroom/20250815_083709_06.html,20250815 083709 06
redroom/20250815_083709_07.html,20250815 083709 07
redroom/20250815_083709_08.html,20250815 083709 08
redroom/20250815_083709_09.html,20250815 083709 09
redroom/20250815_083709_10.html,20250815 083709 10
redroom/20250815_083709_11.html,20250815 083709 11
redroom/20250815_083709_12.html,20250815 083709 12
redroom/20250815_083709_13.html,20250815 083709 13
redroom/20250815_083709_14.html,20250815 083709 14
redroom/20250815_083709_15.html,20250815 083709 15
redroom/20250815_083709_16.html,20250815 083709 16
redroom/20250815_083709_17.html,20250815 083709 17
redroom/20250815_083709_18.html,20250815 083709 18
redroom/20250815_083709_19.html,20250815 083709 19
redroom/20250815_083709_20.html,20250815 083709 20
redroom/20250823_045712_01.html,20250823 045712 01
redroom/20250823_045712_02.html,20250823 045712 02
redroom/20250823_045712_03.html,20250823 045712 03
redroom/20250823_045712_04.html,20250823 045712 04
redroom/20250823_045712_05.html,20250823 045712 05
redroom/20250823_045712_06.html,20250823 045712 06
redroom/20250823_045712_07.html,20250823 045712 07
redroom/20250823_045712_08.html,20250823 045712 08
redroom/20250823_045712_09.html,20250823 045712 09
redroom/20250823_045712_10.html,20250823 045712 10
redroom/20250823_045712_11.html,20250823 045712 11
redroom/20250823_045712_12.html,20250823 045712 12
redroom/20250823_045712_13.html,20250823 045712 13
redroom/20250823_045712_14.html,20250823 045712 14
redroom/20250823_045712_15.html,20250823 045712 15
redroom/20250823_045712_16.html,20250823 045712 16
redroom/20250823_045712_17.html,20250823 045712 17
redroom/20250823_045712_18.html,20250823 045712 18
redroom/20250823_045712_19.html,20250823 045712 19
redroom/20250823_045712_20.html,20250823 045712 20
redroom/20250904_140745_01.html,20250904 140745 01
redroom/20250904_140745_02.html,20250904 140745 02
redroom/20250904_140745_03.html,20250904 140745 03
redroom/20250904_140745_04.html,20250904 140745 04
redroom/20250904_140745_05.html,20250904 140745 05
redroom/20250904_140745_06.html,20250904 140745 06
redroom/20250904_140745_07.html,20250904 140745 07
redroom/20250904_140745_08.html,20250904 140745 08
redroom/20250904_140745_09.html,20250904 140745 09
redroom/20250904_140745_10.html,20250904 140745 10
redroom/20250904_140745_11.html,20250904 140745 11
redroom/20250904_140745_12.html,20250904 140745 12
redroom/20250904_140745_13.html,20250904 140745 13
redroom/20250904_140745_14.html,20250904 140745 14
redroom/20250904_140745_15.html,20250904 140745 15
redroom/20250904_140745_16.html,20250904 140745 16
redroom/20250904_140745_17.html,20250904 140745 17
redroom/20250904_140745_18.html,20250904 140745 18
redroom/20250904_140745_19.html,20250904 140745 19
redroom/20250904_140745_20.html,20250904 140745 20
redroom/20250910_163723_01.html,20250910 163723 01
redroom/20250910_163723_02.html,20250910 163723 02
redroom/20250910_163723_03.html,20250910 163723 03
redroom/20250910_163723_04.html,20250910 163723 04
redroom/20250910_163723_05.html,20250910 163723 05
redroom/20250910_163723_06.html,20250910 163723 06
redroom/20250910_163723_07.html,20250910 163723 07
redroom/20250910_163723_08.html,20250910 163723 08
redroom/20250910_163723_09.html,20250910 163723 09
redroom/20250910_163723_10.html,20250910 163723 10
redroom/20250910_163723_11.html,20250910 163723 11
redroom/20250910_163723_12.html,20250910 163723 12
redroom/20250910_163723_13.html,20250910 163723 13
redroom/20250910_163723_14.html,20250910 163723 14
redroom/20250910_163723_15.html,20250910 163723 15
redroom/20250910_163723_16.html,20250910 163723 16
redroom/20250910_163723_17.html,20250910 163723 17
redroom/20250910_163723_18.html,20250910 163723 18
redroom/20250910_163723_19.html,20250910 163723 19
redroom/20250910_163723_20.html,20250910 163723 20
redroom/20250916_181751_01.html,20250916 181751 01
redroom/20250916_181751_02.html,20250916 181751 02
redroom/20250916_181751_03.html,20250916 181751 03
redroom/20250916_181751_04.html,20250916 181751 04
redroom/20250916_181751_05.html,20250916 181751 05
redroom/20250916_181751_06.html,20250916 181751 06
redroom/20250916_181751_07.html,20250916 181751 07
redroom/20250916_181751_08.html,20250916 181751 08
redroom/20250916_181751_09.html,20250916 181751 09
redroom/20250916_181751_10.html,20250916 181751 10
redroom/20250916_181751_11.html,20250916 181751 11
redroom/20250916_181751_12.html,20250916 181751 12
redroom/20250916_181751_13.html,20250916 181751 13
redroom/20250916_181751_14.html,20250916 181751 14
redroom/20250916_181751_15.html,20250916 181751 15
redroom/20250916_181751_16.html,20250916 181751 16
redroom/20250916_181751_17.html,20250916 181751 17
redroom/20250916_181751_18.html,20250916 181751 18
redroom/20250916_181751_19.html,20250916 181751 19
redroom/20250916_181751_20.html,20250916 181751 20
redroom/page10.html,page10
redroom/page11.html,page11
redroom/page12.html,page12
redroom/page13.html,page13
redroom/page2.html,page2
redroom/page3.html,page3
redroom/page4.html,page4
redroom/page5.html,page5
redroom/page6.html,page6
redroom/page7.html,page7
redroom/page8.html,page8
redroom/page9.html,page9
shower/20250805_074342_01.html,20250805 074342 01
shower/20250805_074342_02.html,20250805 074342 02
shower/20250805_074342_03.html,20250805 074342 03
shower/20250805_074342_04.html,20250805 074342 04
shower/20250805_074342_05.html,20250805 074342 05
shower/20250805_074342_06.html,20250805 074342 06
shower/20250805_074342_07.html,20250805 074342 07
shower/20250805_074342_08.html,20250805 074342 08
shower/20250805_074342_09.html,20250805 074342 09
shower/20250805_074342_10.html,20250805 074342 10
shower/20250805_074342_11.html,20250805 074342 11
shower/20250805_074342_12.html,20250805 074342 12
shower/20250805_074342_13.html,20250805 074342 13
shower/20250805_074342_14.html,20250805 074342 14
shower/20250805_074342_15.html,20250805 074342 15
shower/20250805_074342_16.html,20250805 074342 16
shower/20250805_074342_17.html,20250805 074342 17
shower/20250805_074342_18.html,20250805 074342 18
shower/20250805_074342_19.html,20250805 074342 19
shower/20250805_074342_20.html,20250805 074342 20
shower/20250806_082859_01.html,20250806 082859 01
shower/20250806_082859_02.html,20250806 082859 02
shower/20250806_082859_03.html,20250806 082859 03
shower/20250806_082859_04.html,20250806 082859 04
shower/20250806_082859_05.html,20250806 082859 05
shower/20250806_082859_06.html,20250806 082859 06
shower/20250806_082859_07.html,20250806 082859 07
shower/20250806_082859_08.html,20250806 082859 08
shower/20250806_082859_09.html,20250806 082859 09
shower/20250806_082859_10.html,20250806 082859 10
shower/20250806_082859_11.html,20250806 082859 11
shower/20250806_082859_12.html,20250806 082859 12
shower/20250806_082859_13.html,20250806 082859 13
shower/20250806_082859_14.html,20250806 082859 14
shower/20250806_082859_15.html,20250806 082859 15
shower/20250806_082859_16.html,20250806 082859 16
shower/20250806_082859_17.html,20250806 082859 17
shower/20250806_082859_18.html,20250806 082859 18
shower/20250806_082859_19.html,20250806 082859 19
shower/20250806_082859_20.html,20250806 082859 20
shower/20250806_102722_01.html,20250806 102722 01
shower/20250806_102722_02.html,20250806 102722 02
shower/20250806_102722_03.html,20250806 102722 03
shower/20250806_102722_04.html,20250806 102722 04
shower/20250806_102722_05.html,20250806 102722 05
shower/20250806_102722_06.html,20250806 102722 06
shower/20250806_102722_07.html,20250806 102722 07
shower/20250806_102722_08.html,20250806 102722 08
shower/20250806_102722_09.html,20250806 102722 09
shower/20250806_102722_10.html,20250806 102722 10
shower/20250806_102722_11.html,20250806 102722 11
shower/20250806_102722_12.html,20250806 102722 12
shower/20250806_102722_13.html,20250806 102722 13
shower/20250806_102722_14.html,20250806 102722 14
shower/20250806_102722_15.html,20250806 102722 15
shower/20250806_102722_16.html,20250806 102722 16
shower/20250806_102722_17.html,20250806 102722 17
shower/20250806_102722_18.html,20250806 102722 18
shower/20250806_102722_19.html,20250806 102722 19
shower/20250806_102722_20.html,20250806 102722 20
shower/20250806_130030_01.html,20250806 130030 01
shower/20250806_130030_02.html,20250806 130030 02
shower/20250806_130030_03.html,20250806 130030 03
shower/20250806_130030_04.html,20250806 130030 04
shower/20250806_130030_05.html,20250806 130030 05
shower/20250806_130030_06.html,20250806 130030 06
shower/20250806_130030_07.html,20250806 130030 07
shower/20250806_130030_08.html,20250806 130030 08
shower/20250806_130030_09.html,20250806 130030 09
shower/20250806_130030_10.html,20250806 130030 10
shower/20250806_130030_11.html,20250806 130030 11
shower/20250806_130030_12.html,20250806 130030 12
shower/20250806_130030_13.html,20250806 130030 13
shower/20250806_130030_14.html,20250806 130030 14
shower/20250806_130030_15.html,20250806 130030 15
shower/20250806_130030_16.html,20250806 130030 16
shower/20250806_130030_17.html,20250806 130030 17
shower/20250806_130030_18.html,20250806 130030 18
shower/20250806_130030_19.html,20250806 130030 19
shower/20250806_130030_20.html,20250806 130030 20
shower/20250807_183117_01.html,20250807 183117 01
shower/20250807_183117_02.html,20250807 183117 02
shower/20250807_183117_03.html,20250807 183117 03
shower/20250807_183117_04.html,20250807 183117 04
shower/20250807_183117_05.html,20250807 183117 05
shower/20250807_183117_06.html,20250807 183117 06
shower/20250807_183117_07.html,20250807 183117 07
shower/20250807_183117_08.html,20250807 183117 08
shower/20250807_183117_09.html,20250807 183117 09
shower/20250807_183117_10.html,20250807 183117 10
shower/20250807_183117_11.html,20250807 183117 11
shower/20250807_183117_12.html,20250807 183117 12
shower/20250807_183117_13.html,20250807 183117 13
shower/20250807_183117_14.html,20250807 183117 14
shower/20250807_183117_15.html,20250807 183117 15
shower/20250807_183117_16.html,20250807 183117 16
shower/20250807_183117_17.html,20250807 183117 17
shower/20250807_183117_18.html,20250807 183117 18
shower/20250807_183117_19.html,20250807 183117 19
shower/20250807_183117_20.html,20250807 183117 20
shower/20250809_025701_01.html,20250809 025701 01
shower/20250809_025701_02.html,20250809 025701 02
shower/20250809_025701_03.html,20250809 025701 03
shower/20250809_025701_04.html,20250809 025701 04
shower/20250809_025701_05.html,20250809 025701 05
shower/20250809_025701_06.html,20250809 025701 06
shower/20250809_025701_07.html,20250809 025701 07
shower/20250809_025701_08.html,20250809 025701 08
shower/20250809_025701_09.html,20250809 025701 09
shower/20250809_025701_10.html,20250809 025701 10
shower/20250809_025701_11.html,20250809 025701 11
shower/20250809_025701_12.html,20250809 025701 12
shower/20250809_025701_13.html,20250809 025701 13
shower/20250809_025701_14.html,20250809 025701 14
shower/20250809_025701_15.html,20250809 025701 15
shower/20250809_025701_16.html,20250809 025701 16
shower/20250809_025701_17.html,20250809 025701 17
shower/20250809_025701_18.html,20250809 025701 18
shower/20250809_025701_19.html,20250809 025701 19
shower/20250809_025701_20.html,20250809 025701 20
shower/20250812_000644_01.html,20250812 000644 01
shower/20250812_000644_02.html,20250812 000644 02
shower/20250812_000644_03.html,20250812 000644 03
shower/20250812_000644_04.html,20250812 000644 04
shower/20250812_000644_05.html,20250812 000644 05
shower/20250812_000644_06.html,20250812 000644 06
shower/20250812_000644_07.html,20250812 000644 07
shower/20250812_000644_08.html,20250812 000644 08
shower/20250812_000644_09.html,20250812 000644 09
shower/20250812_000644_10.html,20250812 000644 10
shower/20250812_000644_11.html,20250812 000644 11
shower/20250812_000644_12.html,20250812 000644 12
shower/20250812_000644_13.html,20250812 000644 13
shower/20250812_000644_14.html,20250812 000644 14
shower/20250812_000644_15.html,20250812 000644 15
shower/20250812_000644_16.html,20250812 000644 16
shower/20250812_000644_17.html,20250812 000644 17
shower/20250812_000644_18.html,20250812 000644 18
shower/20250812_000644_19.html,20250812 000644 19
shower/20250812_000644_20.html,20250812 000644 20
shower/20250814_191839_01.html,20250814 191839 01
shower/20250814_191839_02.html,20250814 191839 02
shower/20250814_191839_03.html,20250814 191839 03
shower/20250814_191839_04.html,20250814 191839 04
shower/20250814_191839_05.html,20250814 191839 05
shower/20250814_191839_06.html,20250814 191839 06
shower/20250814_191839_07.html,20250814 191839 07
shower/20250814_191839_08.html,20250814 191839 08
shower/20250814_191839_09.html,20250814 191839 09
shower/20250814_191839_10.html,20250814 191839 10
shower/20250814_191839_11.html,20250814 191839 11
shower/20250814_191839_12.html,20250814 191839 12
shower/20250814_191839_13.html,20250814 191839 13
shower/20250814_191839_14.html,20250814 191839 14
shower/20250814_191839_15.html,20250814 191839 15
shower/20250814_191839_16.html,20250814 191839 16
shower/20250814_191839_17.html,20250814 191839 17
shower/20250814_191839_18.html,20250814 191839 18
shower/20250814_191839_19.html,20250814 191839 19
shower/20250814_191839_20.html,20250814 191839 20
shower/20250815_083854_01.html,20250815 083854 01
shower/20250815_083854_02.html,20250815 083854 02
shower/20250815_083854_03.html,20250815 083854 03
shower/20250815_083854_04.html,20250815 083854 04
shower/20250815_083854_05.html,20250815 083854 05
shower/20250815_083854_06.html,20250815 083854 06
shower/20250815_083854_07.html,20250815 083854 07
shower/20250815_083854_08.html,20250815 083854 08
shower/20250815_083854_09.html,20250815 083854 09
shower/20250815_083854_10.html,20250815 083854 10
shower/20250815_083854_11.html,20250815 083854 11
shower/20250815_083854_12.html,20250815 083854 12
shower/20250815_083854_13.html,20250815 083854 13
shower/20250815_083854_14.html,20250815 083854 14
shower/20250815_083854_15.html,20250815 083854 15
shower/20250815_083854_16.html,20250815 083854 16
shower/20250815_083854_17.html,20250815 083854 17
shower/20250815_083854_18.html,20250815 083854 18
shower/20250815_083854_19.html,20250815 083854 19
shower/20250815_083854_20.html,20250815 083854 20
shower/20250823_045858_01.html,20250823 045858 01
shower/20250823_045858_02.html,20250823 045858 02
shower/20250823_045858_03.html,20250823 045858 03
shower/20250823_045858_04.html,20250823 045858 04
shower/20250823_045858_05.html,20250823 045858 05
shower/20250823_045858_06.html,20250823 045858 06
shower/20250823_045858_07.html,20250823 045858 07
shower/20250823_045858_08.html,20250823 045858 08
shower/20250823_045858_09.html,20250823 045858 09
shower/20250823_045858_10.html,20250823 045858 10
shower/20250823_045858_11.html,20250823 045858 11
shower/20250823_045858_12.html,20250823 045858 12
shower/20250823_045858_13.html,20250823 045858 13
shower/20250823_045858_14.html,20250823 045858 14
shower/20250823_045858_15.html,20250823 045858 15
shower/20250823_045858_16.html,20250823 045858 16
shower/20250823_045858_17.html,20250823 045858 17
shower/20250823_045858_18.html,20250823 045858 18
shower/20250823_045858_19.html,20250823 045858 19
shower/20250823_045858_20.html,20250823 045858 20
shower/20250904_140915_01.html,20250904 140915 01
shower/20250904_140915_02.html,20250904 140915 02
shower/20250904_140915_03.html,20250904 140915 03
shower/20250904_140915_04.html,20250904 140915 04
shower/20250904_140915_05.html,20250904 140915 05
shower/20250904_140915_06.html,20250904 140915 06
shower/20250904_140915_07.html,20250904 140915 07
shower/20250904_140915_08.html,20250904 140915 08
shower/20250904_140915_09.html,20250904 140915 09
shower/20250904_140915_10.html,20250904 140915 10
shower/20250904_140915_11.html,20250904 140915 11
shower/20250904_140915_12.html,20250904 140915 12
shower/20250904_140915_13.html,20250904 140915 13
shower/20250904_140915_14.html,20250904 140915 14
shower/20250904_140915_15.html,20250904 140915 15
shower/20250904_140915_16.html,20250904 140915 16
shower/20250904_140915_17.html,20250904 140915 17
shower/20250904_140915_18.html,20250904 140915 18
shower/20250904_140915_19.html,20250904 140915 19
shower/20250904_140915_20.html,20250904 140915 20
shower/20250910_163856_01.html,20250910 163856 01
shower/20250910_163856_02.html,20250910 163856 02
shower/20250910_163856_03.html,20250910 163856 03
shower/20250910_163856_04.html,20250910 163856 04
shower/20250910_163856_05.html,20250910 163856 05
shower/20250910_163856_06.html,20250910 163856 06
shower/20250910_163856_07.html,20250910 163856 07
shower/20250910_163856_08.html,20250910 163856 08
shower/20250910_163856_09.html,20250910 163856 09
shower/20250910_163856_10.html,20250910 163856 10
shower/20250910_163856_11.html,20250910 163856 11
shower/20250910_163856_12.html,20250910 163856 12
shower/20250910_163856_13.html,20250910 163856 13
shower/20250910_163856_14.html,20250910 163856 14
shower/20250910_163856_15.html,20250910 163856 15
shower/20250910_163856_16.html,20250910 163856 16
shower/20250910_163856_17.html,20250910 163856 17
shower/20250910_163856_18.html,20250910 163856 18
shower/20250910_163856_19.html,20250910 163856 19
shower/20250910_163856_20.html,20250910 163856 20
shower/20250916_181930_01.html,20250916 181930 01
shower/20250916_181930_02.html,20250916 181930 02
shower/20250916_181930_03.html,20250916 181930 03
shower/20250916_181930_04.html,20250916 181930 04
shower/20250916_181930_05.html,20250916 181930 05
shower/20250916_181930_06.html,20250916 181930 06
shower/20250916_181930_07.html,20250916 181930 07
shower/20250916_181930_08.html,20250916 181930 08
shower/20250916_181930_09.html,20250916 181930 09
shower/20250916_181930_10.html,20250916 181930 10
shower/20250916_181930_11.html,20250916 181930 11
shower/20250916_181930_12.html,20250916 181930 12
shower/20250916_181930_13.html,20250916 181930 13
shower/20250916_181930_14.html,20250916 181930 14
shower/20250916_181930_15.html,20250916 181930 15
shower/20250916_181930_16.html,20250916 181930 16
shower/20250916_181930_17.html,20250916 181930 17
shower/20250916_181930_18.html,20250916 181930 18
shower/20250916_181930_19.html,20250916 181930 19
shower/20250916_181930_20.html,20250916 181930 20
shower/page10.html,page10
shower/page11.html,page11
shower/page12.html,page12
shower/page13.html,page13
shower/page2.html,page2
shower/page3.html,page3
shower/page4.html,page4
shower/page5.html,page5
shower/page6.html,page6
shower/page7.html,page7
shower/page8.html,page8
shower/page9.html,page9
soft/20250805_074525_01.html,20250805 074525 01
soft/20250805_074525_02.html,20250805 074525 02
soft/20250805_074525_03.html,20250805 074525 03
soft/20250805_074525_04.html,20250805 074525 04
soft/20250805_074525_05.html,20250805 074525 05
soft/20250805_074525_06.html,20250805 074525 06
soft/20250805_074525_07.html,20250805 074525 07
soft/20250805_074525_08.html,20250805 074525 08
soft/20250805_074525_09.html,20250805 074525 09
soft/20250805_074525_10.html,20250805 074525 10
soft/20250805_074525_11.html,20250805 074525 11
soft/20250805_074525_12.html,20250805 074525 12
soft/20250805_074525_13.html,20250805 074525 13
soft/20250805_074525_14.html,20250805 074525 14
soft/20250805_074525_15.html,20250805 074525 15
soft/20250805_074525_16.html,20250805 074525 16
soft/20250805_074525_17.html,20250805 074525 17
soft/20250805_074525_18.html,20250805 074525 18
soft/20250805_074525_19.html,20250805 074525 19
soft/20250805_074525_20.html,20250805 074525 20
soft/20250806_083044_01.html,20250806 083044 01
soft/20250806_083044_02.html,20250806 083044 02
soft/20250806_083044_03.html,20250806 083044 03
soft/20250806_083044_04.html,20250806 083044 04
soft/20250806_083044_05.html,20250806 083044 05
soft/20250806_083044_06.html,20250806 083044 06
soft/20250806_083044_07.html,20250806 083044 07
soft/20250806_083044_08.html,20250806 083044 08
soft/20250806_083044_09.html,20250806 083044 09
soft/20250806_083044_10.html,20250806 083044 10
soft/20250806_083044_11.html,20250806 083044 11
soft/20250806_083044_12.html,20250806 083044 12
soft/20250806_083044_13.html,20250806 083044 13
soft/20250806_083044_14.html,20250806 083044 14
soft/20250806_083044_15.html,20250806 083044 15
soft/20250806_083044_16.html,20250806 083044 16
soft/20250806_083044_17.html,20250806 083044 17
soft/20250806_083044_18.html,20250806 083044 18
soft/20250806_083044_19.html,20250806 083044 19
soft/20250806_083044_20.html,20250806 083044 20
soft/20250806_102908_01.html,20250806 102908 01
soft/20250806_102908_02.html,20250806 102908 02
soft/20250806_102908_03.html,20250806 102908 03
soft/20250806_102908_04.html,20250806 102908 04
soft/20250806_102908_05.html,20250806 102908 05
soft/20250806_102908_06.html,20250806 102908 06
soft/20250806_102908_07.html,20250806 102908 07
soft/20250806_102908_08.html,20250806 102908 08
soft/20250806_102908_09.html,20250806 102908 09
soft/20250806_102908_10.html,20250806 102908 10
soft/20250806_102908_11.html,20250806 102908 11
soft/20250806_102908_12.html,20250806 102908 12
soft/20250806_102908_13.html,20250806 102908 13
soft/20250806_102908_14.html,20250806 102908 14
soft/20250806_102908_15.html,20250806 102908 15
soft/20250806_102908_16.html,20250806 102908 16
soft/20250806_102908_17.html,20250806 102908 17
soft/20250806_102908_18.html,20250806 102908 18
soft/20250806_102908_19.html,20250806 102908 19
soft/20250806_102908_20.html,20250806 102908 20
soft/20250806_130216_01.html,20250806 130216 01
soft/20250806_130216_02.html,20250806 130216 02
soft/20250806_130216_03.html,20250806 130216 03
soft/20250806_130216_04.html,20250806 130216 04
soft/20250806_130216_05.html,20250806 130216 05
soft/20250806_130216_06.html,20250806 130216 06
soft/20250806_130216_07.html,20250806 130216 07
soft/20250806_130216_08.html,20250806 130216 08
soft/20250806_130216_09.html,20250806 130216 09
soft/20250806_130216_10.html,20250806 130216 10
soft/20250806_130216_11.html,20250806 130216 11
soft/20250806_130216_12.html,20250806 130216 12
soft/20250806_130216_13.html,20250806 130216 13
soft/20250806_130216_14.html,20250806 130216 14
soft/20250806_130216_15.html,20250806 130216 15
soft/20250806_130216_16.html,20250806 130216 16
soft/20250806_130216_17.html,20250806 130216 17
soft/20250806_130216_18.html,20250806 130216 18
soft/20250806_130216_19.html,20250806 130216 19
soft/20250806_130216_20.html,20250806 130216 20
soft/20250807_183302_01.html,20250807 183302 01
soft/20250807_183302_02.html,20250807 183302 02
soft/20250807_183302_03.html,20250807 183302 03
soft/20250807_183302_04.html,20250807 183302 04
soft/20250807_183302_05.html,20250807 183302 05
soft/20250807_183302_06.html,20250807 183302 06
soft/20250807_183302_07.html,20250807 183302 07
soft/20250807_183302_08.html,20250807 183302 08
soft/20250807_183302_09.html,20250807 183302 09
soft/20250807_183302_10.html,20250807 183302 10
soft/20250807_183302_11.html,20250807 183302 11
soft/20250807_183302_12.html,20250807 183302 12
soft/20250807_183302_13.html,20250807 183302 13
soft/20250807_183302_14.html,20250807 183302 14
soft/20250807_183302_15.html,20250807 183302 15
soft/20250807_183302_16.html,20250807 183302 16
soft/20250807_183302_17.html,20250807 183302 17
soft/20250807_183302_18.html,20250807 183302 18
soft/20250807_183302_19.html,20250807 183302 19
soft/20250807_183302_20.html,20250807 183302 20
soft/20250809_025847_01.html,20250809 025847 01
soft/20250809_025847_02.html,20250809 025847 02
soft/20250809_025847_03.html,20250809 025847 03
soft/20250809_025847_04.html,20250809 025847 04
soft/20250809_025847_05.html,20250809 025847 05
soft/20250809_025847_06.html,20250809 025847 06
soft/20250809_025847_07.html,20250809 025847 07
soft/20250809_025847_08.html,20250809 025847 08
soft/20250809_025847_09.html,20250809 025847 09
soft/20250809_025847_10.html,20250809 025847 10
soft/20250809_025847_11.html,20250809 025847 11
soft/20250809_025847_12.html,20250809 025847 12
soft/20250809_025847_13.html,20250809 025847 13
soft/20250809_025847_14.html,20250809 025847 14
soft/20250809_025847_15.html,20250809 025847 15
soft/20250809_025847_16.html,20250809 025847 16
soft/20250809_025847_17.html,20250809 025847 17
soft/20250809_025847_18.html,20250809 025847 18
soft/20250809_025847_19.html,20250809 025847 19
soft/20250809_025847_20.html,20250809 025847 20
soft/20250812_000829_01.html,20250812 000829 01
soft/20250812_000829_02.html,20250812 000829 02
soft/20250812_000829_03.html,20250812 000829 03
soft/20250812_000829_04.html,20250812 000829 04
soft/20250812_000829_05.html,20250812 000829 05
soft/20250812_000829_06.html,20250812 000829 06
soft/20250812_000829_07.html,20250812 000829 07
soft/20250812_000829_08.html,20250812 000829 08
soft/20250812_000829_09.html,20250812 000829 09
soft/20250812_000829_10.html,20250812 000829 10
soft/20250812_000829_11.html,20250812 000829 11
soft/20250812_000829_12.html,20250812 000829 12
soft/20250812_000829_13.html,20250812 000829 13
soft/20250812_000829_14.html,20250812 000829 14
soft/20250812_000829_15.html,20250812 000829 15
soft/20250812_000829_16.html,20250812 000829 16
soft/20250812_000829_17.html,20250812 000829 17
soft/20250812_000829_18.html,20250812 000829 18
soft/20250812_000829_19.html,20250812 000829 19
soft/20250812_000829_20.html,20250812 000829 20
soft/20250814_192024_01.html,20250814 192024 01
soft/20250814_192024_02.html,20250814 192024 02
soft/20250814_192024_03.html,20250814 192024 03
soft/20250814_192024_04.html,20250814 192024 04
soft/20250814_192024_05.html,20250814 192024 05
soft/20250814_192024_06.html,20250814 192024 06
soft/20250814_192024_07.html,20250814 192024 07
soft/20250814_192024_08.html,20250814 192024 08
soft/20250814_192024_09.html,20250814 192024 09
soft/20250814_192024_10.html,20250814 192024 10
soft/20250814_192024_11.html,20250814 192024 11
soft/20250814_192024_12.html,20250814 192024 12
soft/20250814_192024_13.html,20250814 192024 13
soft/20250814_192024_14.html,20250814 192024 14
soft/20250814_192024_15.html,20250814 192024 15
soft/20250814_192024_16.html,20250814 192024 16
soft/20250814_192024_17.html,20250814 192024 17
soft/20250814_192024_18.html,20250814 192024 18
soft/20250814_192024_19.html,20250814 192024 19
soft/20250814_192024_20.html,20250814 192024 20
soft/20250815_084038_01.html,20250815 084038 01
soft/20250815_084038_02.html,20250815 084038 02
soft/20250815_084038_03.html,20250815 084038 03
soft/20250815_084038_04.html,20250815 084038 04
soft/20250815_084038_05.html,20250815 084038 05
soft/20250815_084038_06.html,20250815 084038 06
soft/20250815_084038_07.html,20250815 084038 07
soft/20250815_084038_08.html,20250815 084038 08
soft/20250815_084038_09.html,20250815 084038 09
soft/20250815_084038_10.html,20250815 084038 10
soft/20250815_084038_11.html,20250815 084038 11
soft/20250815_084038_12.html,20250815 084038 12
soft/20250815_084038_13.html,20250815 084038 13
soft/20250815_084038_14.html,20250815 084038 14
soft/20250815_084038_15.html,20250815 084038 15
soft/20250815_084038_16.html,20250815 084038 16
soft/20250815_084038_17.html,20250815 084038 17
soft/20250815_084038_18.html,20250815 084038 18
soft/20250815_084038_19.html,20250815 084038 19
soft/20250815_084038_20.html,20250815 084038 20
soft/20250823_050042_01.html,20250823 050042 01
soft/20250823_050042_02.html,20250823 050042 02
soft/20250823_050042_03.html,20250823 050042 03
soft/20250823_050042_04.html,20250823 050042 04
soft/20250823_050042_05.html,20250823 050042 05
soft/20250823_050042_06.html,20250823 050042 06
soft/20250823_050042_07.html,20250823 050042 07
soft/20250823_050042_08.html,20250823 050042 08
soft/20250823_050042_09.html,20250823 050042 09
soft/20250823_050042_10.html,20250823 050042 10
soft/20250823_050042_11.html,20250823 050042 11
soft/20250823_050042_12.html,20250823 050042 12
soft/20250823_050042_13.html,20250823 050042 13
soft/20250823_050042_14.html,20250823 050042 14
soft/20250823_050042_15.html,20250823 050042 15
soft/20250823_050042_16.html,20250823 050042 16
soft/20250823_050042_17.html,20250823 050042 17
soft/20250823_050042_18.html,20250823 050042 18
soft/20250823_050042_19.html,20250823 050042 19
soft/20250823_050042_20.html,20250823 050042 20
soft/20250904_141045_01.html,20250904 141045 01
soft/20250904_141045_02.html,20250904 141045 02
soft/20250904_141045_03.html,20250904 141045 03
soft/20250904_141045_04.html,20250904 141045 04
soft/20250904_141045_05.html,20250904 141045 05
soft/20250904_141045_06.html,20250904 141045 06
soft/20250904_141045_07.html,20250904 141045 07
soft/20250904_141045_08.html,20250904 141045 08
soft/20250904_141045_09.html,20250904 141045 09
soft/20250904_141045_10.html,20250904 141045 10
soft/20250904_141045_11.html,20250904 141045 11
soft/20250904_141045_12.html,20250904 141045 12
soft/20250904_141045_13.html,20250904 141045 13
soft/20250904_141045_14.html,20250904 141045 14
soft/20250904_141045_15.html,20250904 141045 15
soft/20250904_141045_16.html,20250904 141045 16
soft/20250904_141045_17.html,20250904 141045 17
soft/20250904_141045_18.html,20250904 141045 18
soft/20250904_141045_19.html,20250904 141045 19
soft/20250904_141045_20.html,20250904 141045 20
soft/20250910_164029_01.html,20250910 164029 01
soft/20250910_164029_02.html,20250910 164029 02
soft/20250910_164029_03.html,20250910 164029 03
soft/20250910_164029_04.html,20250910 164029 04
soft/20250910_164029_05.html,20250910 164029 05
soft/20250910_164029_06.html,20250910 164029 06
soft/20250910_164029_07.html,20250910 164029 07
soft/20250910_164029_08.html,20250910 164029 08
soft/20250910_164029_09.html,20250910 164029 09
soft/20250910_164029_10.html,20250910 164029 10
soft/20250910_164029_11.html,20250910 164029 11
soft/20250910_164029_12.html,20250910 164029 12
soft/20250910_164029_13.html,20250910 164029 13
soft/20250910_164029_14.html,20250910 164029 14
soft/20250910_164029_15.html,20250910 164029 15
soft/20250910_164029_16.html,20250910 164029 16
soft/20250910_164029_17.html,20250910 164029 17
soft/20250910_164029_18.html,20250910 164029 18
soft/20250910_164029_19.html,20250910 164029 19
soft/20250910_164029_20.html,20250910 164029 20
soft/20250916_182108_01.html,20250916 182108 01
soft/20250916_182108_02.html,20250916 182108 02
soft/20250916_182108_03.html,20250916 182108 03
soft/20250916_182108_04.html,20250916 182108 04
soft/20250916_182108_05.html,20250916 182108 05
soft/20250916_182108_06.html,20250916 182108 06
soft/20250916_182108_07.html,20250916 182108 07
soft/20250916_182108_08.html,20250916 182108 08
soft/20250916_182108_09.html,20250916 182108 09
soft/20250916_182108_10.html,20250916 182108 10
soft/20250916_182108_11.html,20250916 182108 11
soft/20250916_182108_12.html,20250916 182108 12
soft/20250916_182108_13.html,20250916 182108 13
soft/20250916_182108_14.html,20250916 182108 14
soft/20250916_182108_15.html,20250916 182108 15
soft/20250916_182108_16.html,20250916 182108 16
soft/20250916_182108_17.html,20250916 182108 17
soft/20250916_182108_18.html,20250916 182108 18
soft/20250916_182108_19.html,20250916 182108 19
soft/20250916_182108_20.html,20250916 182108 20
soft/page10.html,page10
soft/page11.html,page11
soft/page12.html,page12
soft/page13.html,page13
soft/page2.html,page2
soft/page3.html,page3
soft/page4.html,page4
soft/page5.html,page5
soft/page6.html,page6
soft/page7.html,page7
soft/page8.html,page8
soft/page9.html,page9
tags/cozy-bedroom_2.html,cozy bedroom 2
tags/cozy-bedroom_3.html,cozy bedroom 3
tags/cozy-bedroom_4.html,cozy bedroom 4
tags/cozy-bedroom_5.html,cozy bedroom 5
tags/cozy-bedroom_6.html,cozy bedroom 6
tags/cozy-bedroom_7.html,cozy bedroom 7
tags/cozy-bedroom_8.html,cozy bedroom 8
tags/moody-tones_2.html,moody tones 2
tags/moody-tones_3.html,moody tones 3
tags/moody-tones_4.html,moody tones 4
tags/moody-tones_5.html,moody tones 5
tags/moody-tones_6.html,moody tones 6
tags/moody-tones_7.html,moody tones 7
tags/moody-tones_8.html,moody tones 8
tags/moody-tones_9.html,moody tones 9
tags/morning-light_2.html,morning light 2
tags/morning-light_3.html,morning light 3
tags/morning-light_4.html,morning light 4
tags/morning-light_5.html,morning light 5
tags/morning-light_6.html,morning light 6
tags/morning-light_7.html,morning light 7
tags/morning-light_8.html,morning light 8
tags/soft-portraits_2.html,soft portraits 2
tags/soft-portraits_3.html,soft portraits 3
tags/soft-portraits_4.html,soft portraits 4
tags/soft-portraits_5.html,soft portraits 5
tags/soft-portraits_6.html,soft portraits 6
tags/soft-portraits_7.html,soft portraits 7
tags/soft-portraits_8.html,soft portraits 8
uniform/20250805_074709_01.html,20250805 074709 01
uniform/20250805_074709_02.html,20250805 074709 02
uniform/20250805_074709_03.html,20250805 074709 03
uniform/20250805_074709_04.html,20250805 074709 04
uniform/20250805_074709_05.html,20250805 074709 05
uniform/20250805_074709_06.html,20250805 074709 06
uniform/20250805_074709_07.html,20250805 074709 07
uniform/20250805_074709_08.html,20250805 074709 08
uniform/20250805_074709_09.html,20250805 074709 09
uniform/20250805_074709_10.html,20250805 074709 10
uniform/20250805_074709_11.html,20250805 074709 11
uniform/20250805_074709_12.html,20250805 074709 12
uniform/20250805_074709_13.html,20250805 074709 13
uniform/20250805_074709_14.html,20250805 074709 14
uniform/20250805_074709_15.html,20250805 074709 15
uniform/20250805_074709_16.html,20250805 074709 16
uniform/20250805_074709_17.html,20250805 074709 17
uniform/20250805_074709_18.html,20250805 074709 18
uniform/20250805_074709_19.html,20250805 074709 19
uniform/20250805_074709_20.html,20250805 074709 20
uniform/20250806_083230_01.html,20250806 083230 01
uniform/20250806_083230_02.html,20250806 083230 02
uniform/20250806_083230_03.html,20250806 083230 03
uniform/20250806_083230_04.html,20250806 083230 04
uniform/20250806_083230_05.html,20250806 083230 05
uniform/20250806_083230_06.html,20250806 083230 06
uniform/20250806_083230_07.html,20250806 083230 07
uniform/20250806_083230_08.html,20250806 083230 08
uniform/20250806_083230_09.html,20250806 083230 09
uniform/20250806_083230_10.html,20250806 083230 10
uniform/20250806_083230_11.html,20250806 083230 11
uniform/20250806_083230_12.html,20250806 083230 12
uniform/20250806_083230_13.html,20250806 083230 13
uniform/20250806_083230_14.html,20250806 083230 14
uniform/20250806_083230_15.html,20250806 083230 15
uniform/20250806_083230_16.html,20250806 083230 16
uniform/20250806_083230_17.html,20250806 083230 17
uniform/20250806_083230_18.html,20250806 083230 18
uniform/20250806_083230_19.html,20250806 083230 19
uniform/20250806_083230_20.html,20250806 083230 20
uniform/20250806_103055_01.html,20250806 103055 01
uniform/20250806_103055_02.html,20250806 103055 02
uniform/20250806_103055_03.html,20250806 103055 03
uniform/20250806_103055_04.html,20250806 103055 04
uniform/20250806_103055_05.html,20250806 103055 05
uniform/20250806_103055_06.html,20250806 103055 06
uniform/20250806_103055_07.html,20250806 103055 07
uniform/20250806_103055_08.html,20250806 103055 08
uniform/20250806_103055_09.html,20250806 103055 09
uniform/20250806_103055_10.html,20250806 103055 10
uniform/20250806_103055_11.html,20250806 103055 11
uniform/20250806_103055_12.html,20250806 103055 12
uniform/20250806_103055_13.html,20250806 103055 13
uniform/20250806_103055_14.html,20250806 103055 14
uniform/20250806_103055_15.html,20250806 103055 15
uniform/20250806_103055_16.html,20250806 103055 16
uniform/20250806_103055_17.html,20250806 103055 17
uniform/20250806_103055_18.html,20250806 103055 18
uniform/20250806_103055_19.html,20250806 103055 19
uniform/20250806_103055_20.html,20250806 103055 20
uniform/20250806_130403_01.html,20250806 130403 01
uniform/20250806_130403_02.html,20250806 130403 02
uniform/20250806_130403_03.html,20250806 130403 03
uniform/20250806_130403_04.html,20250806 130403 04
uniform/20250806_130403_05.html,20250806 130403 05
uniform/20250806_130403_06.html,20250806 130403 06
uniform/20250806_130403_07.html,20250806 130403 07
uniform/20250806_130403_08.html,20250806 130403 08
uniform/20250806_130403_09.html,20250806 130403 09
uniform/20250806_130403_10.html,20250806 130403 10
uniform/20250806_130403_11.html,20250806 130403 11
uniform/20250806_130403_12.html,20250806 130403 12
uniform/20250806_130403_13.html,20250806 130403 13
uniform/20250806_130403_14.html,20250806 130403 14
uniform/20250806_130403_15.html,20250806 130403 15
uniform/20250806_130403_16.html,20250806 130403 16
uniform/20250806_130403_17.html,20250806 130403 17
uniform/20250806_130403_18.html,20250806 130403 18
uniform/20250806_130403_19.html,20250806 130403 19
uniform/20250806_130403_20.html,20250806 130403 20
uniform/20250807_183448_01.html,20250807 183448 01
uniform/20250807_183448_02.html,20250807 183448 02
uniform/20250807_183448_03.html,20250807 183448 03
uniform/20250807_183448_04.html,20250807 183448 04
uniform/20250807_183448_05.html,20250807 183448 05
uniform/20250807_183448_06.html,20250807 183448 06
uniform/20250807_183448_07.html,20250807 183448 07
uniform/20250807_183448_08.html,20250807 183448 08
uniform/20250807_183448_09.html,20250807 183448 09
uniform/20250807_183448_10.html,20250807 183448 10
uniform/20250807_183448_11.html,20250807 183448 11
uniform/20250807_183448_12.html,20250807 183448 12
uniform/20250807_183448_13.html,20250807 183448 13
uniform/20250807_183448_14.html,20250807 183448 14
uniform/20250807_183448_15.html,20250807 183448 15
uniform/20250807_183448_16.html,20250807 183448 16
uniform/20250807_183448_17.html,20250807 183448 17
uniform/20250807_183448_18.html,20250807 183448 18
uniform/20250807_183448_19.html,20250807 183448 19
uniform/20250807_183448_20.html,20250807 183448 20
uniform/20250809_030033_01.html,20250809 030033 01
uniform/20250809_030033_02.html,20250809 030033 02
uniform/20250809_030033_03.html,20250809 030033 03
uniform/20250809_030033_04.html,20250809 030033 04
uniform/20250809_030033_05.html,20250809 030033 05
uniform/20250809_030033_06.html,20250809 030033 06
uniform/20250809_030033_07.html,20250809 030033 07
uniform/20250809_030033_08.html,20250809 030033 08
uniform/20250809_030033_09.html,20250809 030033 09
uniform/20250809_030033_10.html,20250809 030033 10
uniform/20250809_030033_11.html,20250809 030033 11
uniform/20250809_030033_12.html,20250809 030033 12
uniform/20250809_030033_13.html,20250809 030033 13
uniform/20250809_030033_14.html,20250809 030033 14
uniform/20250809_030033_15.html,20250809 030033 15
uniform/20250809_030033_16.html,20250809 030033 16
uniform/20250809_030033_17.html,20250809 030033 17
uniform/20250809_030033_18.html,20250809 030033 18
uniform/20250809_030033_19.html,20250809 030033 19
uniform/20250809_030033_20.html,20250809 030033 20
uniform/20250812_001016_01.html,20250812 001016 01
uniform/20250812_001016_02.html,20250812 001016 02
uniform/20250812_001016_03.html,20250812 001016 03
uniform/20250812_001016_04.html,20250812 001016 04
uniform/20250812_001016_05.html,20250812 001016 05
uniform/20250812_001016_06.html,20250812 001016 06
uniform/20250812_001016_07.html,20250812 001016 07
uniform/20250812_001016_08.html,20250812 001016 08
uniform/20250812_001016_09.html,20250812 001016 09
uniform/20250812_001016_10.html,20250812 001016 10
uniform/20250812_001016_11.html,20250812 001016 11
uniform/20250812_001016_12.html,20250812 001016 12
uniform/20250812_001016_13.html,20250812 001016 13
uniform/20250812_001016_14.html,20250812 001016 14
uniform/20250812_001016_15.html,20250812 001016 15
uniform/20250812_001016_16.html,20250812 001016 16
uniform/20250812_001016_17.html,20250812 001016 17
uniform/20250812_001016_18.html,20250812 001016 18
uniform/20250812_001016_19.html,20250812 001016 19
uniform/20250812_001016_20.html,20250812 001016 20
uniform/20250814_192210_01.html,20250814 192210 01
uniform/20250814_192210_02.html,20250814 192210 02
uniform/20250814_192210_03.html,20250814 192210 03
uniform/20250814_192210_04.html,20250814 192210 04
uniform/20250814_192210_05.html,20250814 192210 05
uniform/20250814_192210_06.html,20250814 192210 06
uniform/20250814_192210_07.html,20250814 192210 07
uniform/20250814_192210_08.html,20250814 192210 08
uniform/20250814_192210_09.html,20250814 192210 09
uniform/20250814_192210_10.html,20250814 192210 10
uniform/20250814_192210_11.html,20250814 192210 11
uniform/20250814_192210_12.html,20250814 192210 12
uniform/20250814_192210_13.html,20250814 192210 13
uniform/20250814_192210_14.html,20250814 192210 14
uniform/20250814_192210_15.html,20250814 192210 15
uniform/20250814_192210_16.html,20250814 192210 16
uniform/20250814_192210_17.html,20250814 192210 17
uniform/20250814_192210_18.html,20250814 192210 18
uniform/20250814_192210_19.html,20250814 192210 19
uniform/20250814_192210_20.html,20250814 192210 20
uniform/20250815_084223_01.html,20250815 084223 01
uniform/20250815_084223_02.html,20250815 084223 02
uniform/20250815_084223_03.html,20250815 084223 03
uniform/20250815_084223_04.html,20250815 084223 04
uniform/20250815_084223_05.html,20250815 084223 05
uniform/20250815_084223_06.html,20250815 084223 06
uniform/20250815_084223_07.html,20250815 084223 07
uniform/20250815_084223_08.html,20250815 084223 08
uniform/20250815_084223_09.html,20250815 084223 09
uniform/20250815_084223_10.html,20250815 084223 10
uniform/20250815_084223_11.html,20250815 084223 11
uniform/20250815_084223_12.html,20250815 084223 12
uniform/20250815_084223_13.html,20250815 084223 13
uniform/20250815_084223_14.html,20250815 084223 14
uniform/20250815_084223_15.html,20250815 084223 15
uniform/20250815_084223_16.html,20250815 084223 16
uniform/20250815_084223_17.html,20250815 084223 17
uniform/20250815_084223_18.html,20250815 084223 18
uniform/20250815_084223_19.html,20250815 084223 19
uniform/20250815_084223_20.html,20250815 084223 20
uniform/20250823_050228_01.html,20250823 050228 01
uniform/20250823_050228_02.html,20250823 050228 02
uniform/20250823_050228_03.html,20250823 050228 03
uniform/20250823_050228_04.html,20250823 050228 04
uniform/20250823_050228_05.html,20250823 050228 05
uniform/20250823_050228_06.html,20250823 050228 06
uniform/20250823_050228_07.html,20250823 050228 07
uniform/20250823_050228_08.html,20250823 050228 08
uniform/20250823_050228_09.html,20250823 050228 09
uniform/20250823_050228_10.html,20250823 050228 10
uniform/20250823_050228_11.html,20250823 050228 11
uniform/20250823_050228_12.html,20250823 050228 12
uniform/20250823_050228_13.html,20250823 050228 13
uniform/20250823_050228_14.html,20250823 050228 14
uniform/20250823_050228_15.html,20250823 050228 15
uniform/20250823_050228_16.html,20250823 050228 16
uniform/20250823_050228_17.html,20250823 050228 17
uniform/20250823_050228_18.html,20250823 050228 18
uniform/20250823_050228_19.html,20250823 050228 19
uniform/20250823_050228_20.html,20250823 050228 20
uniform/20250904_141217_01.html,20250904 141217 01
uniform/20250904_141217_02.html,20250904 141217 02
uniform/20250904_141217_03.html,20250904 141217 03
uniform/20250904_141217_04.html,20250904 141217 04
uniform/20250904_141217_05.html,20250904 141217 05
uniform/20250904_141217_06.html,20250904 141217 06
uniform/20250904_141217_07.html,20250904 141217 07
uniform/20250904_141217_08.html,20250904 141217 08
uniform/20250904_141217_09.html,20250904 141217 09
uniform/20250904_141217_10.html,20250904 141217 10
uniform/20250904_141217_11.html,20250904 141217 11
uniform/20250904_141217_12.html,20250904 141217 12
uniform/20250904_141217_13.html,20250904 141217 13
uniform/20250904_141217_14.html,20250904 141217 14
uniform/20250904_141217_15.html,20250904 141217 15
uniform/20250904_141217_16.html,20250904 141217 16
uniform/20250904_141217_17.html,20250904 141217 17
uniform/20250904_141217_18.html,20250904 141217 18
uniform/20250904_141217_19.html,20250904 141217 19
uniform/20250904_141217_20.html,20250904 141217 20
uniform/20250910_164201_01.html,20250910 164201 01
uniform/20250910_164201_02.html,20250910 164201 02
uniform/20250910_164201_03.html,20250910 164201 03
uniform/20250910_164201_04.html,20250910 164201 04
uniform/20250910_164201_05.html,20250910 164201 05
uniform/20250910_164201_06.html,20250910 164201 06
uniform/20250910_164201_07.html,20250910 164201 07
uniform/20250910_164201_08.html,20250910 164201 08
uniform/20250910_164201_09.html,20250910 164201 09
uniform/20250910_164201_10.html,20250910 164201 10
uniform/20250910_164201_11.html,20250910 164201 11
uniform/20250910_164201_12.html,20250910 164201 12
uniform/20250910_164201_13.html,20250910 164201 13
uniform/20250910_164201_14.html,20250910 164201 14
uniform/20250910_164201_15.html,20250910 164201 15
uniform/20250910_164201_16.html,20250910 164201 16
uniform/20250910_164201_17.html,20250910 164201 17
uniform/20250910_164201_18.html,20250910 164201 18
uniform/20250910_164201_19.html,20250910 164201 19
uniform/20250910_164201_20.html,20250910 164201 20
uniform/20250916_182246_01.html,20250916 182246 01
uniform/20250916_182246_02.html,20250916 182246 02
uniform/20250916_182246_03.html,20250916 182246 03
uniform/20250916_182246_04.html,20250916 182246 04
uniform/20250916_182246_05.html,20250916 182246 05
uniform/20250916_182246_06.html,20250916 182246 06
uniform/20250916_182246_07.html,20250916 182246 07
uniform/20250916_182246_08.html,20250916 182246 08
uniform/20250916_182246_09.html,20250916 182246 09
uniform/20250916_182246_10.html,20250916 182246 10
uniform/20250916_182246_11.html,20250916 182246 11
uniform/20250916_182246_12.html,20250916 182246 12
uniform/20250916_182246_13.html,20250916 182246 13
uniform/20250916_182246_14.html,20250916 182246 14
uniform/20250916_182246_15.html,20250916 182246 15
uniform/20250916_182246_16.html,20250916 182246 16
uniform/20250916_182246_17.html,20250916 182246 17
uniform/20250916_182246_18.html,20250916 182246 18
uniform/20250916_182246_19.html,20250916 182246 19
uniform/20250916_182246_20.html,20250916 182246 20
uniform/page10.html,page10
uniform/page11.html,page11
uniform/page12.html,page12
uniform/page13.html,page13
uniform/page2.html,page2
uniform/page3.html,page3
uniform/page4.html,page4
uniform/page5.html,page5
uniform/page6.html,page6
uniform/page7.html,page7
uniform/page8.html,page8
uniform/page9.html,page9
shower/20250924_182225_20.html,20250924 182225 20
shower/page14.html,page14
soft/20250924_182242_01.html,20250924 182242 01
soft/20250924_182242_02.html,20250924 182242 02
soft/20250924_182242_03.html,20250924 182242 03
soft/20250924_182242_04.html,20250924 182242 04
soft/20250924_182242_05.html,20250924 182242 05
soft/20250924_182242_06.html,20250924 182242 06
soft/20250924_182242_07.html,20250924 182242 07
soft/20250924_182242_08.html,20250924 182242 08
soft/20250924_182242_09.html,20250924 182242 09
soft/20250924_182242_10.html,20250924 182242 10
soft/20250924_182242_11.html,20250924 182242 11
soft/20250924_182242_12.html,20250924 182242 12
soft/20250924_182242_13.html,20250924 182242 13
soft/20250924_182242_14.html,20250924 182242 14
soft/20250924_182242_15.html,20250924 182242 15
soft/20250924_182242_16.html,20250924 182242 16
soft/20250924_182242_17.html,20250924 182242 17
soft/20250924_182242_18.html,20250924 182242 18
soft/20250924_182242_19.html,20250924 182242 19
soft/20250924_182242_20.html,20250924 182242 20
soft/page14.html,page14
uniform/20250924_182420_01.html,20250924 182420 01
uniform/20250924_182420_02.html,20250924 182420 02
uniform/20250924_182420_03.html,20250924 182420 03
uniform/20250924_182420_04.html,20250924 182420 04
uniform/20250924_182420_05.html,20250924 182420 05
uniform/20250924_182420_06.html,20250924 182420 06
uniform/20250924_182420_07.html,20250924 182420 07
uniform/20250924_182420_08.html,20250924 182420 08
uniform/20250924_182420_09.html,20250924 182420 09
uniform/20250924_182420_10.html,20250924 182420 10
uniform/20250924_182420_11.html,20250924 182420 11
uniform/20250924_182420_12.html,20250924 182420 12
uniform/20250924_182420_13.html,20250924 182420 13
uniform/20250924_182420_14.html,20250924 182420 14
uniform/20250924_182420_15.html,20250924 182420 15
uniform/20250924_182420_16.html,20250924 182420 16
uniform/20250924_182420_17.html,20250924 182420 17
uniform/20250924_182420_18.html,20250924 182420 18
uniform/20250924_182420_19.html,20250924 182420 19
uniform/20250924_182420_20.html,20250924 182420 20
uniform/page14.html,page14
